页码,评论者昵称,评论星级,评论时间,评论者IP属地,有用数,评论内容
1,momo,5星,2023-06-17 23:41:34,上海,7705,太牛逼了！！！比保你平安还好！大鹏连着这么近两部还能有这么大的突破，真的太棒了！王一博最好的角色最好的电影，第一次get到他了，非常有魅力！以及黄渤老师，太酷了，都快忘了他说会跳舞的了，惊喜！电影里的热血沸腾，那种团魂那种坚持那种热爱！热力的不是青春，是我们！！！实在是太惊喜太棒了！
1,没有去过沙漠,4星,2023-07-22 16:09:56,天津,6210,杭州地铁是只有王一博和宋祖儿两个人坐是吧哈哈哈
1,正义B胜,4星,2023-06-18 04:07:00,上海,5649,到这，可以正式把大鹏视为一个有质保的商业片品牌匠人了。《保你平安》也给了四星，但平心而论，《热烈》这个四星给得更实打实一点
1,大奇特(Grinch),4星,2023-06-18 04:50:26,上海,3195,鹏导让我看到他始终相信电影，电影也就相信他。以洞悉小人物的视角，将台下的努力与台上的燃情一并呈现给观众。情绪铺设循序渐进，主角对街舞的执着没有错付，由替身转正。打破了国内传统体育竞技电影的刻板印象，大银幕上的街舞场面视听调性年轻、动感、时尚，具临场感和纪实性，最后一个动作是只有电影才能做到的“魔术时刻”。二“BO”的双主角为不同年龄段的观众带来了双重情感共振，由头脑出发的上一代也从下一代身上找回了初心。
1,炯之,3星,2023-07-25 00:44:05,广东,4188,其实是一部十分鸡贼的影片，观众很容易将自己对街舞的欣赏等同于对电影本身的喜欢，其实这是综艺就能干到的事情，如果我那么想看街舞，我想我不会走进电影院看这个，市面上的街舞综艺可太多了。电影情节也极其模式化，每个人都是在某个时候干某个被安排好的事情，故事简单套路到可以一句话概括：冠军走了，替身来了，冠军来了，替身走了，冠军又走了，替身又来了……跟谈恋爱被甩找个备胎然后爱上备胎、前任又回心转意的故事一样套路…反正最后上场炸就完了，爽文虽好，但是过程是不是更重要呢？热烈或许更多地指向盛开，电影少了人物的成长，一切都是短平快，这就是这个时代最虚有其表的那种可以无限复制的产品。
1,冰镇西瓜橘子水,4星,2023-07-26 11:08:53,云南,585,第一次觉得王一博是有演技的不再是无名或者长空的逼王人设而是一个热爱街舞的小青年看到妈妈唱歌落泪以及被黄渤饰演的教练放弃之后的状态都演绎的很好
1,小老k,3星,2023-07-28 14:46:46,浙江,1961,其实对手比较强...
1,雾都一枝花儿,3星,2023-07-11 00:39:42,北京,1482,刘敏涛老师唱歌那场戏，我脑海里自动循环播放《红色高跟鞋》👠
1,朝暮雪,3星,2023-08-01 19:06:53,四川,602,作为一部励志片，一点都不励志，反而产生了截然相反的效果，整部电影处处都在告诉你：认命吧，你就是个普通人。陈烁成功不是因为他努力，而是因为他是百年难遇的跳舞奇才，以前他没有老师，自学街舞就略有所成。有教练后他更是突飞猛进，三个月不到就学会了肘抛、单肘连抛、所有队友的绝招，以及“惊叹号”。丁雷那么天才都没做成的动作，他在极短时间内就学会了，堪称天才中的天才。至于凯文，他除了有点装X之外没有任何缺点，身为富二代他不喜欢吃喝玩乐，就喜欢跳舞，还跳得那么好。比你优秀，比你有天赋，还比你努力。所以不要纠结做陈烁还是凯文了，我们大部分人只能纠结做那个家电销售还是彪彪，要么像家电销售那样早点认清现实，放弃梦想，安心上班，要么像彪彪那样不顾父母的反对坚持10年，最终发现自己根本不是那块料，还是只能去上班。
1,嘟嘟熊之父,4星,2023-07-22 16:52:27,北京,1862,励志电影的杰作，以一种更市井、更热血、更具类型动力的方式改写《喜剧之王》。构建一个理性冰冷的商业社会，每个人对应明确的价格，不利用话术或骗局制造反转（同类型电影往往采取的套路），仅仅摆出商业条件与决策，用最简单坦诚的话语，却远比欺骗更加残忍。于是，删除微信的一幕才更令人心碎，难以逾越的围墙在银幕里被具象化，同时唤起银幕外我们相同的经验。梦想不再是轻飘飘的口号，它与生计紧密相连：在地铁、夜市、洗车店独自跳舞；更多“失败者”加入，套上垃圾桶跳舞；终于站上舞台，像庆祝节日一样，与所有人一起跳舞。电影让悲观主义者放下怀疑，与喜欢的人做荒唐的事，每个人都值得一次狂欢。
1,砚,3星,2023-07-23 20:05:38,广东,994,我不满的是对生活的苦难是没有想象力的。一个一天打三份体力工种的年轻人，真有体力晚上能再坚持学街舞吗？一个家庭重担压在身上的人，真的有试错成本让他抬头去追逐梦想，让他在五万块钱面前动摇都没有动摇过吗？这是什么真空想象力，对人性毫无洞察。这个故事整个立足点好像是倒推回去的，拍一个巨星在成名之前如何坚持自己的梦想，但不是啊，这个故事不明明是一个无名小卒如何在一片迷雾一样的未来里，怎么样不确定自己能成功的情况下，依然想离梦想靠近一步的故事吗。这个故事给我的感觉是，你只管刮，一定是特等奖。我以为这个故事的剧本底层逻辑是，我已经刮出一个谢字了，可我还想刮刮看。
1,女神的秋裤,5星,2023-07-10 23:54:43,北京,3416,年度最佳剧本！年度最佳表演（黄渤·影帝级）！真没想到，明明是喜剧，却看得热泪盈眶，也没想到大鹏能进步到这样的水平。搞笑不只是为了笑而笑，也确实好笑，但这笑声中却藏着辛酸，藏着对梦想与努力的自嘲，更蕴藏着对无奈现实的感伤，和对真情的感动，很有层次且高级。剧本和镜头语言很有内涵，每个人都能看到自己在生活中的影子，你总会被一个瞬间、一个镜头、一条信息和一首歌所打动。街舞的设计通俗易懂，让人身临其境，热血沸腾。王一博演技一般，但舞技真心让人佩服。到最后你一定会不由自主地打起节拍，即使没有音乐，你依旧会感受到热血在跳舞，感受到内心的悸动和感动，让你想起那份纯粹的热爱和坚持，不必怀疑，那是你内心的热烈！
1,狼矛,3星,2023-07-22 15:44:48,广西,2802,点映。故事是很老套的励志电影，小问题很多，煽情点很生硬，最多三星。
1,小刘,1星,2023-08-06 01:59:50,北京,216,“他，居然跳出了一个惊叹号。”啥玩意？我头上的问号顶了一斤。
1,黄曾鸿辰,5星,2023-07-19 21:57:31,吉林,570,第一次见屠老师是在大二上课，他说“你小子我记得你！你就坐第一排一直没睡觉那个”。是七年前了。第一次见大鹏哥是在花木兰，他说“你好小黄同学我们可能那四天是睡不了觉了”。是四年前了。第一次见一博师哥是在剪辑学会年会，我说“师哥你好，是我剪的夺冠纪录片，专门为你留了一个镜头哦！”。是三年前了。我年纪不大，能走到今天这一步，很骄傲地说我是热烈的剪辑师！是因为被你们帮助照顾着前进的年岁加起来已经占了我年纪的一半。我与电影的连结已远超我当初的想象，是因为周妈忱姐红卫爷的领进门，更是因为你们航母拖小船在这一年又一年的时光里狂奶小黄给他机会推着他前行。我依然记得屠老师上课时说的：“技巧不值价，情感才值价”。对我来说最值价的，便是和你们在一起的这一年又一年。我真心祈愿这一年又一年，能一年又一年的热烈下去！！！
1,发条辰,3星,2023-07-22 17:03:35,辽宁,1237,这部电影很奇怪，它的侧重点是不够清晰的。拍街舞不表达嘻哈精神、也不是纯讲家庭困难的傻小子奋斗故事或者商业社会的冷酷和人情世故。它讲了很多却很难让人感觉他的重点在哪里，简而言之就是情绪找不到宣泄口，到了最后给人的感觉更像是很中国化的街舞国家队宣传片。大鹏掌握了王一博的正确使用方法，就是让他演男二并且让黄渤承担影片主要议题，王一博只负责坚持和努力并在该出现的时候给到情绪。大鹏拍的舞台很棒，几处的battle和routine给人的感觉都不同，有很明显的情绪递进。还看到了好多这就是街舞的老熟人，我也是从这街开始特别喜欢看街舞电影，这部电影虽然有些动作不及综艺，但是在电影院就很燃📽️
1,西西弗推巨石,3星,2023-06-18 00:16:43,上海,1160,点都有，都是功能性人物，底有点薄，但是梗也都到位了，有些片段有点尬。其实主旋律和命题作文这事，中国人真的处理的越来越好了，从音乐到电影。大部分的确都在杭州取景，甚至在尚城利星搭个天台，和前妻的立体停车库还有2000+的ktv有点显眼包？
1,灰色堡垒,4星,2023-07-27 23:48:43,广西,305,应该是国内最好的街舞电影了，不出镜的大鹏才是最好的大鹏，王一博就应该拍这种电影。可惜宋祖儿完全不会演戏，她那个角色也没有作用，还不如把戏份都给王霏霏。
1,杀青散没有解药,4星,2023-07-24 21:22:25,广东,509,大鹏真的把商业片拿捏住了，再老套的故事只要节奏好一切都能被情绪掩盖。点映结束，有个观众小哥离开座位，跑去荧幕前跳了一段舞（好像是popping？），很为这场电影加分。希望所有人都能有所热爱，保持热爱。
1,根,3星,2023-07-29 01:27:08,北京,144,黄渤演的是会跳舞的大鹏，王一博演的是大鹏手里的那把吉他
2,高詩遠,2星,2023-07-22 16:56:48,北京,2586,最顺眼的一部王一博，但不像是近两年的大鹏会拍的作品，看不到他的个人风格，跟《奇迹·笨小孩》一个路数，要燃要坚持，迟早会成功。背景音乐+闪回+升格三件套，从头用到尾，很商业的拍法，导致整部片子像MV大拼盘，这样想不煽情都难。宋祖儿这个角色存在的意义，可能就是为了把男主拉进无人的杭州地铁这一异次元时空，让他能在里面专心跳舞。剧情俗套无比，看开头知结尾。凯文富到流油却请不起翻译，这么尴尬的笑点还不如直接删掉。烁哥刚到惊叹号训练场地用了一个长镜头介绍人物，但借一个与整部片子毫无关系的小女孩的口说出来实在不高明。让一个非惊叹号正式舞者的人去跳垃圾桶商演，甲方居然一点意见都没有。饭桌上大家开始分享为什么跳舞，又整得跟在采访一样不自然。但是头和尾是真的好看啊，大鹏应该拍一部综艺大电影，让他们跳两个小时。
2,张咏轩Wayne®,2星,2023-07-23 12:50:18,内蒙古,2009,观感跟大V的胡吃海塞闭眼夸天差地别，很套路的励志题材，于大鹏是有进步的，但稍有阅片量的观众就会发现这样的进步只体现在那撮人的领域里，能把老掉牙的故事依托后期制作不那么平白直给，能把国内街舞可达到的极限空间拍出语境凌厉感，这也许就是他们的进步与狂欢，但放眼望去类型片可丈量的维度与拓展，还不足以匹配现下片方甚至观众给出的声势与自信。从豆瓣评论区直接砍掉最新发言区的操作看来，又是一场规避流量浩劫与是非的特例体现，铺天盖地的满星与好评被置顶在热门区域，无不是接二连三宣布点映的口碑被发酵的意义。这个电影除了黄渤的角色比较有完整人物弧线外，全员是被棱角磨平的工具人嵌板，庸常拙劣禁不住细想，类运动题材均可套用的文本把戏，剧情没有说服力，口号喊的空洞，后20分钟的眼花缭乱也没有燃，只有努力设计的假嗨。★★☆
2,malingcat,5星,2023-07-23 19:12:11,上海,422,等人的时候顺便看了点映。不懂街舞、不懂明星battle，但自动以老阿姨年龄代入，就哭了。上一首写给中年人的歌，我印象里还是《老男孩》——当初的愿望实现了吗？事到如今只剩祭奠了吗？所以就很理解有点油腻的黄渤最终回归初心、做出了一生最热烈的选择。这部电影不是少年成功的故事，而是一群人——教练、团友、妈妈、舅舅、小老板、工友——共同托举出了一声惊叹。因为良善，所以感人。的确，不是每一个平凡人生都需要热烈，但是那些热烈追求的人，总值得一个respect。记得俞敏洪说，他在艰难的创业时期看了大量的励志书，成斤买，成斤看，偶尔激励一下自己，应该。决定了，我要对我的奋斗不止的学生们，再好一点。
2,饿霸地煮,2星,2023-07-26 17:35:49,上海,1287,被友邻评分欺骗系列。很平庸的励志三幕剧，词写得不行，不生活，没有融入真正的街舞文化，加上街舞表演，像个街舞综艺的番外篇。还有那个男主表演太木了，每场戏都在等别人说台词，间隔一两秒再给反应，看他演戏空气都是凝固的、内塌的…
2,孙大爷,2星,2023-07-24 14:53:47,北京,876,感觉导演编剧并不那么懂街舞，舞蹈的部分剪的太碎了，全是小景别。本身就是齐舞比赛。却看不到舞蹈的整体性，甚至个人赛的时候也看不到演员的整体动作，镜头一顿乱甩。情绪全靠音乐烘托，是怕观众看不懂舞蹈表演吗，多年前看过舞出我人生那段水中舞至今让我印象深刻。剧本也很粗糙，群像和丁陈的师徒关系都只浮于表面，没有一个刻画的很好。舞团成员聚在一起说自己如何坚持跳舞那一段看得我如坐针毡。论团魂，论热烈，论燃，论对街舞精神的展现，还不如这就是街舞的海选。真的很希望国产电影能做出好的展现街舞文化的电影。
2,悠三岁,3星,2023-07-28 11:17:26,浙江,304,地铁有结界吗？只有王一博和宋祖儿能坐吗？你俩的感情线有啥必须存在的必要吗？陈烁这个人物挺适合王一博的，但真的看得很割裂，王一博气质和普通百姓有啥关系？一天要打几份工的年轻人身上看不到半点风尘仆仆和疲惫感，这合理吗？
2,蝉影,4星,2023-07-26 18:19:33,浙江,130,凯文最强工具人，剧情反转要靠他，烘托主角要靠他。没想到这么嚣张强势的人设会如此忌惮主角。最后斗舞环节太冗长。好像终于可以抛开那些现实感的剧情来尽情炫技。不如多匀出点时间给那些惊叹号的配角们，让他们不至于只能走马灯的由小女孩介绍或自我介绍。
2,Puff,4星,2023-12-03 00:57:41,中国台湾,35,對岸今年最好的勵志片，雖然瑕疵不少，套的也是勵志片最常用的公式，但是這公式在大鵬對小人物精準、平淡、純粹的生活日常捕捉下，觀眾可以看到王一博飾演的陳爍那份對街舞的熱愛，即便生活再困頓、運氣再不佳、街舞的動作再高難，他都不曾想過放棄跳舞，因為熱愛，打三份工下班也照樣練舞；因為熱愛，當富二代的練習走位代打也甘願；因為熱愛，為贊助廠商當滑稽小丑跳舞也甘願，那份執著、那份倔強、那份為街舞甘願燃燒一切的熱情，在不知不覺中也感化了身旁的人。大鵬對街舞的研究在第三幕的尬舞比賽直接來到高潮，前兩幕的平淡、日常化鋪陳到第三幕直接炸裂，街舞比賽調度走實景近拍的方式，營造出如親臨現場的熱血感，又燃又熱血，王一博作為一位演員的努力到了第三幕我也確實能認可了，他對這個角色的努力都在第三幕高難度的街舞動作有了結果。
2,王食欲,4星,2023-07-25 17:38:18,北京,47,封神真倒霉，选了这么个卷王档期。
2,Mr. Infamous,4星,2023-07-22 18:02:08,北京,1186,头一次觉得“聚是一团火，散是满天星”有那么哀切的悲鸣，现实高高在上，彪彪要被打落成张翠彪，热爱要让位给资本，你我要一次次被碾压成关乎生存甚或只关乎温饱的选择，而相聚欢笑，无非暂且压制刺痛的一次精神慰藉，过后代驾、送餐、洗车、穿奥特曼或垃圾桶衣服表演。东北人大鹏再次选用了Beyond，《逝去日子》放在众声喧哗的闹热竞技里，节拍也稀释不掉内里的凄婉，所以热烈是什么呢？当梦想被煽情吃掉了皮肉，就只敢巴望一星半点的火花。它仅仅关乎一瞬，敬重与信任，诚意与掌声。那一瞬也终归会逝去，但在记忆里，可能会被填充成山河与岁月。有两幕很难抵御，一是母亲披着对逝去爱人的痛，笑着唱出那首老调，二是一张张纸条写满怀恋，璞真就在名利间虚构地闪耀。未来当然也不会多么好过，倔强前行便是。三星半。
2,德小科,3星,2023-08-10 20:57:39,日本,115,让王一博演王一博，是最聪明的决定……
2,豆瓣路人己,3星,2023-07-19 16:57:36,北京,460,看了两遍，观感依旧，燃是真的燃，情绪给的是真的足，但是禁不起细想，人物没有成长的弧度，而且街舞比赛要顾忌观众的地方，切的有点乱。不得不说，王一博今年三部戏，这部是最好的状态。
2,皮皮鸦,5星,2023-07-23 21:41:53,四川,479,"4.3大鹏再次飞跃，导演能力令我不敢信，可以说更优于保你平安，他真的很会拍小人物，那份真挚也能体现到电影中，各种细节接地气，拿捏得很稳，喜剧元素不玩尬，情绪渲染不刻意，就那么自然丝滑。励志，首次看王一博的戏，不知平时他就这性格，还是角色设计如此，就莫名挺匹配，动人，作为竞技题材，不喊口号，真的能感受到小人物刻苦追逐自己所热爱的事情的辛酸与现实，热血，街舞battle设计也很有看点，街舞走心版""少林足球"""
2,Peter Cat,3星,2023-07-26 01:56:30,新加坡,112,工整正确的顶流商业片做法。
2,蒜 | BOY A 🌈,4星,2023-07-28 00:03:52,四川,180,好久没看见如此流畅，热血的国产体育电影了，无论是人物设定，还是剧情张力，都超越了大鹏之前的所有电影，牛逼
2,谋杀游戏机,未知,2023-07-13 17:27:40,北京,300,看看大鹏跨越式进步的十年，再看看自己原地踏步的十年，流下了羡慕的眼泪。这是他第一次没自己主演，却是把演员的特性和优势用到最好的一次，把王一博本人的性格融入到了角色里，再加上懂事孝顺、努力就一定成功的情节设定，更能触动观众，跟黄渤演的师父之间的情感线也很真实动人。最后的街舞大赛太燃了，了不起的场面掌控和气氛调动能力，摄影和剪辑节奏也很好。
2,次等水货,4星,2023-06-18 12:14:54,上海,1565,非常成熟的类型片，主打的是青春和励志。有力量！有信念！全场数次响起掌声，都燃起来了。电影里的他们享受他们的舞台，我享受这部电影。
2,袁牧,5星,2023-07-11 01:45:57,北京,3403,舞真热，青春真烈。一博真帅，黄渤真有反差。与其苟延残喘，不如从容燃烧，一切终将老去，但少年奋斗的故事永不过时，母子情感人至深，爱情线也是刚开始的样子，挺好的，没毛病。
2,空山,2星,2023-07-28 19:00:59,北京,193,没有B故事的电影就像一盘散沙，不用风吹，走两步就散了。
2,基瑞尔,3星,2023-07-27 21:16:53,四川,43,大鹏或许是名忠实的粉丝，当中的很多时刻拍得都足够让人想起101时期（比较）喜欢他的原因，而这个角色乃至整部电影其实也是今年三部中最适配的一个。只是无法近距离看表情、台词上的生硬还有（为了规避任何更细腻的演绎挑战）从而设计的全然失真的角色性格，都让它只停留在场面上最简单粗暴的“炸”以及刻意追求的“燃”这种观感上。“大鹏”、“程宫”、“魏平安”都是有瑕疵的，但“陈烁”仿佛如陀螺一样，不停地在“正能量场子”上转动；无法贴身体会他更多的情绪，最后也只好跟着喝彩下“业务能力”。
3,褪到黑色,3星,2023-07-22 18:19:29,北京,273,这个片子就属于谜底写在谜面上，片名写在台词上，队名写在编舞上，编剧和叙事都很直白的一个电影。舞蹈部分没必要跟《这街》一样镜头乱飞，编舞本身很炸完全可以写实拍。全片没有太多能够破圈共情的话题点，最打动我的部分是刘敏涛。
3,罗弘霉素,5星,2023-07-28 14:16:03,天津,1010,我们大多数都是陈烁这样的普通人，要为了生活努力扛起肩头的责任，也会努力坚持梦想，会有失意会有不甘，也会不得不屈服于现实。坚持初心守住本心，“一直努力就会成功”，这绝对不是心灵鸡汤，而是你贯彻某一个信念就终会抵达的理想，念念不忘必有回响。
3,五色全味,3星,2023-07-19 21:23:31,北京,152,雖然劇情線套路、群戲普遍功能化，但任務片拍成這樣真的收貨了，大鵬甚至已經是內地商業片良心了；只是宋祖兒那條線完全可以刪掉
3,Morning,3星,2023-07-25 00:34:37,北京,59,比较知足的一部电影，没有想要太多也是一种诚意。整体的做法很简单，王一博的成功即影片的成功，这是一个聪明的转移，在主题并不鲜明，主线套路，街舞类型表现不足，其余角色尽是陪衬的情况下，就只做好一件事，让你觉得王一博不出戏。大鹏比程耳会拍他会用他，一些镜头他表演出了合理自然的喜怒哀乐，尽量的少台词，少复杂的情绪，沉默或者羞赧的笑就行。黄渤有厉害之处，对手戏表演是一种交换气场，王和宋非常失败（商场），和黄就很厉害，他俩前面那场吃饭的戏，黄就是不用大招，很厉害的让王融入了表演氛围。而后面那场烧烤店的戏，黄很厉害，在哭戏之前做的铺垫，眼神的变化，视线的转移，眨眼的动作，到哭到喝酒喷洒就十分合理，这是一场既兼顾个人又兼顾双人的表演戏，我认为黄渤最后给的微侧仰视的表演很厉害，一下子托住了王一博的表演。
3,顿河,5星,2023-07-19 22:35:36,北京,918,豆瓣上聊点别的，现在看电影，难免带着学习也好，审慎也好的态度在看。所以评价好电影的标准一下子变得简单，就是什么时候能破防，能相信那个假定，能接受那个情绪。看热烈带了很多预设，也辨别了诸多套路，但还是丢盔弃甲被感染了，相信不可能，理想主义这个最原始的情绪补偿，只要讲得真诚，我还是愿意一再买单。
3,少年赵里昂,5星,2023-07-22 20:26:35,陕西,1946,暑期档惊喜之作。自己30岁往上了，总爱说老了老了，这电影看完都有点返老还童的感觉，仿佛心底有股劲儿被影片中挥洒热血而激活了，尤其最后那段宛如再现这街总决赛的PK直呼过瘾。永远会被这种小人物挥洒汗水，努力追梦的故事所打动。谁还不曾是热烈的少年呢。
3,猫皂,5星,2023-07-22 17:45:04,上海,1597,“季节总要走向金黄，少年也终将成为宝藏。”但这个夏天，那个夏天，都是永难忘。
3,Mr. Lei,3星,2023-07-23 18:34:38,中国台湾,73,我理解競技電影層層加碼才會好看，但是憋到最後的大招是一個自由落體+一個扔帽子，這不比單肘那些複雜動作容易得多？現實生活沒有慢鏡頭，最後這個驚歎號是根本看不出來的
3,MinamiFans,3星,2023-07-30 17:58:42,湖北,10,倒是比《保你平安》更像电影了。一些瞬间的动作场面释放出了类似《雄狮少年》的能量。但有个疑问是，为什么一个世界冠军不能给一个团队带来活力，一个司马脸角色就能做到？
3,张春[阿卡纳],4星,2023-07-30 13:40:16,福建,28,我觉得挺不错的。大鹏已经是一个比较可靠，基本上不会恶心你的导演了。
3,Xieirse,2星,2023-07-28 23:28:23,上海,32,名为《热烈》实际工整无聊如馆阁体。诈骗程度不输《消失的她》。看过开场5分钟就能准确预料后面119分钟剧情发展、结局、剪辑、音乐的使用。几乎每一段都严丝合缝按照励志体育类型片工艺流程来拍，看麻了。作为一部街舞题材电影把街舞拍得毫无吸引力。街舞影像平庸至极，全程滥用升降格镜头和毫无设计感的快速运镜，一到气势要出来的时候就动刀剪辑。建议大鹏再去看看《艳舞女郎》和《爵士春秋》学学人家范霍文和福斯怎么拍舞蹈、怎么用色情反色情、怎么把身体那种超越理性主体蕴含不可遏制的生命力和解放潜能拍出来。学不来这种大导演的高难度拍法，也可以看看HBO的《胜利时刻》学学剪辑，看看怎么用剪辑把“FuckBoston”这句台词剪出荡平宇内的气势。
3,阴天,2星,2023-07-26 17:52:51,安徽,592,如坐针毡！一点也不热烈，全方位假惺惺。
3,非人类shang,5星,2023-07-22 16:54:47,四川,1632,这个夏天，《热烈》足够了。很喜欢这种电影，能够让你笑着笑着又感动得想哭，而在眼泪快要夺眶而出的时候，他却又总能让你噗嗤一下笑出来。虽然看之前看到很多评价知道会很好看，期待比较高，但仍然被狠狠的燃到。笑点和泪点情绪也很足，点和节奏都很好，大鹏从《缝纫机乐队》到《吉祥如意》《保你平安》再到这部，个人观感一部更胜一部，开挂，四星半吧，希望下次五星。“热烈的不是青春，是我们，是被生活压得匍匐在地的平凡人，也有资格赢得人生最热烈的战场。”ps：花絮比正片更好笑hhh刘敏涛的红色高跟鞋，还有小岳岳的燕子都没有在正片看到哈哈哈
3,マクガフィン,2星,2023-09-21 18:51:33,北京,33,内容层面上百分之九十五都和街舞没有直接关系，填上任何一个运动都成立的，没有灵魂、没有风格的东西。感觉创作者不了解、也没耐心去了解这项运动背后的文化。无聊。
3,小植野,2星,2023-07-22 17:01:07,江西,943,2.5。不知道是不是大鹏最佳，但绝对是大鹏最算计最模版化的一部：身世凄惨四处奔波的草根主角，专门烘托主角成长的上头反派，和一票量产化的配角队友（经典环节讲梦想是真的扶额了）。好的地方以及热烈的点题全在街舞的比赛过程，类型元素都相当出彩，但一到角色的塑造和故事的推进就刻板到直出戏，像是量身定做的冲奖片，所有的人物故事都特别套路，很多地方更是直接不装了，一进全国比赛就是一对一，甚至决赛一分钟之内直接快进到让二追三破釜沉舟。为醋包饺子，发现饺子馅全是街舞，饺子皮一戳就破。当你需要鼓励的时候，家人会自动站到你身后，当你需要成长的时候，对手会自动为你作配。值得鼓励的还是比赛内容的地方，虽然主角紧张和音乐断了两场戏真的很粗糙刻意。
3,风吹柳花香,1星,2023-07-30 22:00:21,江苏,896,一部无剧情尿点的剧，全程繁琐破碎，宣扬的小人物奋斗精神居然是退缩，最后的煽情非常做作！
3,tata,4星,2023-08-14 12:41:44,浙江,14,毕竟自己出现在片子里了，给个好评吧。凯文真帅，几个配角非常出彩，就是宋祖儿这个角色不知道是来干嘛的，感情戏是真尬。
3,又双叒叕,3星,2023-07-26 02:00:26,广东,96,建议更名《街舞火乐传》除了王一博的solo以外其他人的舞蹈部分剪辑和运镜简直一塌糊涂镜头晃啊晃每个舞蹈动作都不知道有没有给到半秒是生怕我看清楚舞者们在跳什么吗齐舞的时候老喜欢切特写battle更是直接变成街舞混剪宣传片感觉切观众给反应的镜头都比舞者跳舞都要多真是白瞎这么多专业舞者剧情就是常见的主角成长热血片无惊喜你渤哥还是你渤哥没一点儿毛病至于大鹏我想说的是《保你平安》吊打《热烈》
3,芥末蘸酱,3星,2023-07-19 17:08:05,北京,34,还是降低点预期吧，君是不见《闪电侠》上映前吹多猛吗？
3,小小的你,5星,2023-08-05 23:04:14,山东,25,难以相信大鹏现在已经开始信手拈来商业片了，剧情虽薄弱，但舞蹈戏更出彩，作为舞蹈片中少见的舞种，把街舞不羁张扬的特点呈现的极佳。PS:与她一起总有幸事，看完电影还遇上了现场的街舞比赛，lucky~
4,思路乐,4星,2023-07-22 20:24:52,福建,271,【B】不出意外应该就是今年暑期档最具娱乐性的纯国产商业片。作为一眼望得到头的励志体育片，大鹏选择迎合一切俗气套路，精磨类型技巧来制造更为纯净的观影乐趣。轻松且自然的笑点编排，流畅高效的蒙太奇式训练，煽情戏的收放自如，街舞对决中节奏为王的剪辑处理，以及各种在段落中调节情绪和戏剧的小技巧，最终都导向“娱乐至上”的创作理念，清醒且纯粹的商业目的，比《八角笼中》那种语无伦次的“现实主义”要可敬的多。对王一博的处理体现出大鹏的精明所在：拒绝复杂的角色特性，仅保留一个略显木讷的热血青年，让演员本色出演即可达成合格效果，补足水桶短板的能力。最惊喜的部分大概是看完后才发觉影片作为一部杭州亚运会宣传片，却没有一点任务片的影子，完全做到了类型驱动优先，冲着这点可以给出四星好评。
4,Luna,5星,2023-06-17 23:44:30,上海,3356,燃一夏，博一夏，热烈好看到炸裂，不能剧透，真的值得
4,谢谢你们的鱼,4星,2023-07-22 18:09:00,北京,551,完成度非常高的励志喜剧，大鹏在《缝纫机乐队》的失败之后找到了属于这个品类电影的创作逻辑以及和观众之间建立的联结，并且创造了非常出色的电影感。除了王一博的角色本身的塑造有点单薄，以及街舞环节的拍摄有点用力过猛，别的部分真的挑不出太多问题，王一博的表演真挚了很多，黄渤的几段真情流露也是他近年的最佳表演，燃点真的很多，最后多舞种融合的地方很激动人心。还有，杨迪的客串太炸了，哈哈哈哈哈！
4,JoeyLu陆柏宇,4星,2023-07-23 17:14:49,江苏,427,很难想象，这是大鹏导演的，因为他又一次超越了他自己，又一次讲小人物的故事，上次讲的千难万险不容易，这次讲的是热血沸腾。
4,猫不然🦋,5星,2023-08-22 15:10:09,北京,38,说一下真实感受，大鹏的剧本向来很工整，受周星驰的影响，他很喜欢用一个符号贯穿并点题。上次是大吉他，这次是惊叹号。有点蠢萌又有点纯真。而一博让我从开篇就感觉很心疼，分不清是出于对一博本人还是角色，因为他就是陈烁那样的人啊，很乖很拼很执拗又一如既往的低头做自己的事。所以我前半程因为一博小哭，后半程因为他们磕一件热爱的事而大哭。小岳岳的戏份不多，反而更松弛点睛。最后看完我很燃，尤其是片尾竟然是高中时候一听就哭的《倔强》，我哭着听完所有片尾。但是很痛快。就想问自己，要不要也找一件事，这么热烈的死磕一场。5555
4,煨鱼肚,4星,2023-08-15 18:36:27,江苏,36,王一博确实很陈烁但是感觉剧情有点蠢啊，他要是有能和那个那么厉害的人单独pk的能力，当年又是唯二的两个会头转的，怎么就能被刷掉呢
4,耶加雪菲,5星,2023-07-28 16:17:30,天津,490,看过之后，脑海里还是留存了许多的片段，陈烁悄悄的躲在柱子后看着台上唱歌的妈妈，陈烁和丁教练在烧烤店之间的对话，最后惊叹号获得胜利的欢呼声，每一幕都很难让人忘怀，这部影片我会二刷。
4,狂想族,2星,2023-07-23 10:23:23,江苏,801,感觉剧情有点套路啊，燃不起来，努力就会成功的故事在这个时代真的还能那么共情观众那么有说服力吗？
4,糖醋排骨,4星,2023-08-01 16:32:42,河北,57,大鹏不懂街舞，但是懂怎么讲故事，这并不算是街舞类型片，而是按照故事剧情片拍的，叙事流畅，节奏顺滑，反倒是街舞部分有点过度堆料，尤其是那个砸胸，被剪成了好几段，抖音上都比电影震撼，摄影师一顿运镜不如拍个全景，博子哥还不错，咱当不了好演员，但起码是个好舞者。
4,阿基米德追上龟,3星,2024-09-15 22:38:40,澳大利亚,2,群戏调度很考验导演功力，很多细节都不能死磕，看到到最后所谓的“团魂”只不过一群性格模糊形象片面的背景板，全程为了燃而燃，就差说“都煽情到这份上了你还不被感动落泪吗”！大明星wyb演小人物竟然不出戏，面瘫正好符合木讷拘谨的设定。
4,oooo0,2星,2023-08-18 18:09:39,四川,61,本来想骂很多但看到结尾男主的隐藏技居然是用身体摆出惊叹号给我气笑了
4,HatcherZ,2星,2023-12-23 19:39:31,广东,22,试问有人可以早上帮家里人，下午出去兼职，晚上去洗车场打工，然后还有时间练舞，还能几个月超越十几二十年舞龄的老鸟直接站C位，还把教练的顶级难度的动作，队友四五种舞种，融会贯通，全队靠着一个人从0分到3分，一举夺得多少人多少年都没拿到的冠军。这打通任督二脉都不敢这么拍吧，真的是神是超人。如此玄幻的剧情，配合上俗套到不能再俗套的体育片模版，失意教练加底层逆袭，希望失望成功，能不能再俗一点。一个体育片没有做好一个钩子，没有新的想法创意元素，除了换个街舞的皮，这让真正热爱街舞的人怎么想，原来成功那么容易吗？
4,有心打扰,3星,2023-07-29 22:49:39,福建,10,剧情很拉，没有任何新意，节奏还行，有笑点（有笑到），有燃点（没被燃到），有动人的点（有被打动，但不多）...结尾的高潮戏特别综艺，特别粗糙，属于失望部分，但！的一幕算是一个从头埋到尾的【梗】，有挽回一些观感，勉强及格吧。
4,阿摆和泰森,1星,2023-07-31 09:59:22,江苏,610,故事很老套，煽情很生硬
4,生亦何欢,5星,2023-07-28 00:25:59,湖北,994,看这片实属偶然，和家里人吵了一架不想呆家里，黑黢黢的影厅十分符合当下需要，不想情绪更down就选了看起来比较欢乐的热烈，实在是没想到是个意外惊喜，哭一场笑一场什么情绪都释放了，感谢热烈，感谢大鹏和一众演员，哈哈哈
4,HenriqueZZZ,2星,2023-07-30 22:04:01,安徽,32,直白粗糙，却又不深入，街舞表现不深刻，个人成长不明显，家庭和感情发展没看到，好像什么都有，但什么都没说清
4,UrthónaD'Mors,3星,2023-08-19 17:33:29,北京,2,这就是街舞番外篇（迫真、大雾）刘敏涛一出现我满脑子红色高跟鞋，救命。啊波子您是觉得地铁太稳了所以跳街舞是吧，看看隔壁偶像剧有人可说坐地铁危险呢。能看出王一博很努力，努力证明自己是进步的是不突兀的，努力半天只能说还行叭因为专业对口他这次还行，孩子以后可找点专业对口的拍吧，偏向文艺高深的可能你还没到能稳稳接住戏的时候。
4,悬旗,2星,2023-07-30 16:49:54,广东,319,如果好看的话也没这么难看
4,维希希图,5星,2023-08-05 19:02:19,上海,2,1、！！！王一博翻身之作！！！我惊得不行，王一博竟是街舞出身，实力不俗！终于找到合适戏路，是个讨喜的角色，不面瘫的普通男孩，是漂亮的翻身仗！2、大鹏电影的优点是只切一个小口，只讲一件事儿，很会删繁就简，看着不累，跟市面上塞太满又拍不好属于“没有金刚器、偏要揽瓷器活”的导演们相比要好太多！！这次能把“街舞拍得很燃”这一点拍出来就很难得很好了嘛，多少综艺做不到的。3、说说剧情，套了纯元VS甄嬛（白月光VS朱砂痣）的替身文学，白毛Kevin真的很强很炸裂、小红帽陈烁也堪称天赋异禀。最后等了很久的放大招竟是扣题惊叹号❗️
4,Pincent,3星,2023-07-25 23:24:40,湖北,20,亚运场馆大揭密。大型活动或者准综艺这块儿也是：能出国的爱豆风光，锅内集体不景弃卑微揾工人都只能靠临场发挥。街舞场面的镜头设计感觉有些不太清晰，酷炫多动症活动回顾短视频剪出来唬住甲方先。
5,郑大少,5星,2025-08-16 10:56:23,重庆,5,没有任何人比大鹏更适合拍小人物追逐梦想的励志故事了，他个人的进阶之路比电影更热血、更振奋人心。大鹏最擅长刻画底层人物的生活细节，将热血与温情结合，让观众笑中带泪地感受到梦想的力量。电影中的街舞戏份堪称视觉盛宴，动作设计兼具专业性及观赏性，配合流畅的运镜及剪辑，沉浸感十足，尤其最后决战的battle场景，张力十足，燃爆全场！大鹏拍出了最有魅力的王一博，没有之一。只是黄渤的形象一言难尽啊，脸之大一锅根本炖不下！大鹏对于电影语言的掌控能力进步神速，特别是通过《保你平安》、《热烈》及《长安的荔枝》三部曲充分证明了他对商业与艺术平衡的掌控力，既有娱乐性又不失深度，一代宗师气候渐成！
5,汪金卫,2星,2023-08-26 12:02:32,北京,7,片中有街舞比赛期间音响故障而失去音乐的桥段。很巧也很不巧，我看的那场影厅音响也有很大问题，不仅立体声道全无，全片配乐声更小到难以听见，只有对白声音是清晰的，极大干扰了观影体验，但也让我不被配乐影响，更专注于剧情。作为大鹏老乡欣赏并关注他的才华和作品多年，第一次感到失望。虽仍关注讲述小人物故事，街舞表演真实而热血，但剧情套路感和硬煽情是大鹏作品里最多的，也是亚运会献礼作业。还有中国人VS外国人比赛奇迹翻盘这种陈旧迂腐的设定。大鹏再这样拍下去很危险，泯然众人矣。宋祖儿和齐溪演的功能性女性角色一个没有演技，一个角色浪费演技，还不如小沈阳出彩。曾看过很多老四的视频，老四是个好演员，洗车行老板这种路人角色有点埋没他的表演天赋。片尾曲特制KTV字幕还对部分工作人员名单造成遮挡，这不该。两星半
5,karat,1星,2023-07-31 09:59:03,广东,370,特别难看，影片中心思想有问题，没有起到激励作用，逻辑表达无法理解
5,VAM👸,2星,2023-08-05 20:27:21,山东,18,如坐针毡。大鹏再精明也无法改变自己导演水平低效的事实。故事很令人恶心，一个开挂一样的天才，在杭州有房有自己的餐馆，脸上和衣服都干干净净，结果还要硬蹭小人物励志？况且真的好久没看过这么俗的故事了，这种低质量悬浮又俗套的剧情无聊的我脚趾扣地。最差的是斗舞片段，本来应该是高潮和亮点，大鹏差到难以理解的导演水准让这些变成了最大的败笔，根本没有任何任何的调度，只靠低劣的剪辑来维持，况且剪辑乱剪，剪得稀碎，看不清动作的细节，真的太差劲了。与其相比，更能体现出灌篮高手运动电影的殿堂级别以及八角笼中里面真实生命力的可贵。
5,🌈raymexic,4星,2023-07-22 16:09:06,江西,280,同样是可以用“精明商人”来形容的导演，相对于还在刻意追求无谓反转和一些不必要对立的陈思诚而言，一直都在关心普通人物命运的董成鹏显然更得人心。从上半年关注网络谣言与校园暴力的《保你平安》到这部关注街舞这一在中国并未形成潮流但却有着坚定拥护者的运动的《热烈》，他用自己贴合实际的眼光尽情挥洒着自己的能量。而相对于《保你平安》还有些伤感的主题而言，本片的“燃”也更加让人热血沸腾，合情合理的故事主线，绝佳的各项技术配合，以及永远真诚的，让人共情的主题，让观众心满意足，同感热烈。
5,顗礼,3星,2023-07-28 18:28:20,河南,13,足够聪明却不够专注的创作，核心爆点的驱动机制与《雄狮少年》如出一辙（结尾部分的“惊叹号”就相当于雄狮最后的“挂狮头”），对比之下还是为大鹏的算计型创作选择感到惋惜，解释性台词与“人情味”的铺陈过度干扰了节奏，本该是一部更“简单”的电影才对；好在依旧拥有掌控观者心跳的时刻，进而让人愿意相信那些心灵鸡汤背后的感受力，这是足够高明的创作者应该具备的基本素养。
5,匡轶歌,3星,2023-08-21 18:45:23,上海,7,修改了我对街舞的印象，没有嘻哈的痞帅，倒像是门体育竞技，有种土酷土酷的调性，一如片中所呈现出来的城市景观与人物气质。王一博挺适合这样略带腼腆木讷，内核稳定诚恳，情绪不上脸，闷头“干就完了”的i人少年角色。
5,猴小鞋,3星,2023-07-28 23:55:59,陕西,5,还行，笑也笑了，街舞也是好看的，但总感觉差口气儿。1.我以为刘敏涛站台上要唱红色高跟鞋。2.我以为张佑维也会跳一段呢。3.蒋龙真可爱。4.宋祖儿挺水灵儿。5.黄渤老师是我的理想型。
5,风间隼,4星,2023-08-31 23:25:17,北京,7,剧情没法说，但至少作为戏肉的街舞场面很能打。王一博动作天赋确实高，这里的舞蹈场面跟《无名》里的打斗动作一样精彩，至于表情么就……反正有黄渤。同去的豆包教了老爸认了几个街舞名人，以及各种动作的含义，老爸深感欣慰。
5,惘然,4星,2023-07-22 18:32:53,江苏,302,大鹏拍得太热血了！而且他好会拍街舞啊！最后比赛情节让我梦回《这！就是街舞》每次去做媒体评审夺冠battle现场扔毛巾。这次他把自己擅长的小人物刻画以及擅长的喜剧结合得很好。黄渤和王一博饰演的角色都是小人物崛起式拍法。这真是目前最适合王一博的角色了，青春努力单纯热血……直男，看得出他对街舞是真爱，有这份真，这个角色就立住了。而且这次大鹏虽然热血，但煽情却恰到好处。因为每次开始煽情了，他就用蒋龙啊、岳云鹏啊们的喜剧表现来消解一下，把节奏又拉了回来。#五月天的片尾曲是添花之笔，忍不住听完才离开座位#
5,tktk,3星,2025-08-16 23:54:28,山东,13,还行吧，中间不少地方有些无聊。所以街舞的尽头是体操吗？
5,kylegun,4星,2023-08-11 20:03:09,北京,7,“替我们跳下去”那里感动了一下，但从文创仓库跳回文工团舞台有啥隐喻？舞跳得确实都挺好，但黄渤和王一博跳街舞的精气神都不太对，决赛也明显没有对手团厉害，人物行为逻辑可以说是靠煽情硬煽起来，为达胜利甘愿被无偿剥削的苦情无产阶级对决不想回家继承财产的富二代和境外势力……还是那句老话：这种越拍越好的任务电影，有点可怕
5,Rosesea,3星,2025-08-15 22:00:52,广东,13,剧情俗套，人物刻画不够，街舞场面运镜很有问题，但，团魂确实还是很燃的。
5,李小丢,4星,2023-07-23 17:58:13,河北,67,暑期档的片里，《热烈》是唯一让我看哭了的，不是说它是最好的，但是那种描述年轻人一往无前追逐梦想的样子，不可避免地会让人联想起年轻时的自己。现在想想，普通人能够为了自己心中的热爱不顾一切追梦的机会，可能有且只有年轻时那短短的几年，之后就得逐渐对现实生活妥协。所以，在我看来，《热烈》这个片名，意味着普通人一生中难得的为了自己热烈绽放的时刻，短暂却绚烂，因此，它可能是这个暑期档最燃的电影。黄渤和王一博都在这部电影里找到了最适合大银幕的打开方式，跳舞时的王一博和其他时间的王一博，简直判若两人，看了陈烁这个角色，很多人大概能get到他的魅力了。和陈烁一样，他也是个在自己喜欢且擅长的领域里闪闪发亮的人啊。“强者做选择，弱者被选择”，希望戏外的我们，也能像陈烁一样，坚持心中的热爱，努力成为生活中的强者。
5,搬砖侠,4星,2023-07-23 17:49:02,甘肃,397,毫无疑问是暑期档最燃电影，励志与热血并存，荷尔蒙与温情齐飞。小人物的逆袭永远会让人感动，但电影的好看更在于编导对叙事节奏的精准把控，将青春励志题材拍出了理想主义式的浪漫热血感。全片毫无冷场，燃点笑点泪点皆有，陈烁与丁雷这对师徒情的刻画尤为动人，陈烁在教练丁雷那里收获成长，丁雷也通过徒弟陈烁重拾对梦想的初心，两人完成了梦想与热爱的传承。大鹏又一次证明了自己是优秀的类型片创作者，将街舞场面拍成一幕接一幕的视觉奇观，不只是动作层面的眼花缭乱，更通过多角度的摄影剪辑与场面调度，营造出极强的沉浸感，每一次训练、表演都在积蓄力量，在结尾迎来爆发，最后20分钟的比赛场面又燃又震撼，就连我这样的门外汉都看得头皮发麻，所谓”热烈”，既是主角对梦想的热爱与坚持，也是每个普通人在追梦路上挥洒汗水燃到炸裂的那些瞬间
5,纽初阿白井,4星,2023-09-02 16:31:46,北京,2,渐入佳境的类型，王一博和角色太贴了，演技也随着剧情越来越好，几场哭戏都很自然真实。终极battle大招很燃。不过街舞镜头采用朴实直拍会更好，花哨的运镜反而削弱了舞者本身的表现力。
5,弃子🔥,3星,2023-07-25 02:35:41,河南,75,大鹏的《奇迹笨小孩》
5,恋人歌歌,3星,2023-08-06 10:08:27,上海,13,很平庸的励志三幕剧，词写得不行，不生活，没有融入真正的街舞文化，加上街舞表演，像个街舞综艺的番外篇。
5,艾小柯,3星,2025-02-20 12:06:57,澳大利亚,3,热血青春很可爱的街舞电影，选角都几乎是本色出演。好看。
5,圆首的秘书,4星,2023-07-19 13:43:23,北京,427,真的哭了，三年了，这才是真正的暑期档啊！大鹏脑子是真好使，非官方的、民间的体育精神之下，既不屑得吃糙面儿爱国饭，也能轻松改造拳击摔跤动作片。王一博也下功夫了，虽然剪辑上帮了不少忙，但依旧有点本事。黄渤是真正的灵魂，真正的可爱，真正的演员，真正的牛逼
6,hangain,5星,2023-07-28 13:37:06,河北,507,热血励志好笑好哭好看到别人都有提，我想说一个点，很喜欢里面陈烁和家人的那种相处模式，他和妈妈说“我可以”，妈妈却笑着说“不可以也是可以的”，能在大荧幕中国父母嘴里听到这句话我心里五味杂陈。妈妈没有心疼到埋怨自己，也没有说这个家都靠你了，而是以一种最温柔的方式支持着儿子，体谅着儿子，太喜欢了。
6,苏黎世的列车,2星,2025-05-19 16:59:26,北京,3,杭州亚运会街舞项目宣传片，粉丝向电影。我现在特别反感强行煽情。【寰映/¥24.9/#3/several】（昨晚下雨，今天好热，终于要进入夏天了）
6,可风,5星,2023-08-05 22:05:29,北京,2,替我们跳下去，替我们摇滚下去，替我们回一趟东北老家，命题作文你永远可以相信大鹏！延续一部为一个“花瓶”正名的传统，热烈这个词是对大鹏过往经历的最好总结@晟嘉
6,阿尔法,3星,2023-07-26 23:19:51,黑龙江,48,没有伤病问题就让人很舒服了。剧情上太刻意了，但可惜的是并没有看到梦想，过程重要还是结果重要？没想要导演最后来了一个两个我都要，这很商业观众看着舒服又理所应当，真是不给一点批判和思考的余地。最想吐槽的是街舞跳beyond的歌，太脑残了……
6,开膛手贝塔,3星,2023-07-23 18:02:19,四川,31,当《杀死那个石家庄人》变成了《杀不死的石家庄人》。就，中规中矩，渲染团魂也没啥，但对于街舞，感觉还是少了点什么。为了梦想的逆袭也没错，但总是有点铺垫不够，站不住脚。再仔细想想，少了的那一些，也许是因为听得太多，口号太响，以至于我们司空见惯，但对照生活却始终不能相信的东西吧。
6,不朽浩克,2星,2023-08-06 02:06:26,湖北,25,2.0。这绝对是一次极其难受的视觉体验，甚至在很多低成本b级片中都很难看到如此细碎的分镜头。摄影根本不敢展现场景的全貌，更不敢直接复刻现实时间，在平均时长不超过两秒的分镜头内影像时间被无限拉长，这是mv的拍法，不是电影。
6,柒柒Mensageira,5星,2023-08-03 23:49:40,北京,2,非常成功的主旋律商业片，在运动题材里也能登顶了～王晶导演说过一句话我很认可：什么是好电影？是少数几个“专业”“高端”的人决定的吗？还是由大部分普通观众用自己的钞票决定的？（原话不记得了，大概意思）
6,天马星,4星,2023-07-23 17:54:05,广东,197,这是一部励志片，但大鹏能将那种我爱梦想但梦不爱我的苦楚拍出来，说明他已经将那套小人物叙事练的炉火纯青了。而我也第一次get到了王一博，他真的很合适这个爱跳街舞的木讷少年，同时戏路越来越尬的黄渤突然演技回勇，贡献了一个足够真诚足够动人的角色。编、导、演等各方面都配合的恰到好处，已经火热的暑期档恐怕还会更热烈些了！
6,368复机,3星,2023-07-28 17:39:28,重庆,142,老套的剧情，刻意的煽情。为王一博量身定做的电影，演技明显提升。隔行如隔山，不明白相声小品艺人频繁出现电影圈的现象。
6,居无间,3星,2023-07-26 21:02:09,上海,24,大鹏的执行很熟练。赞誉那么多，想提供另一个角度的看法。《热烈》基本是把《缝纫机乐队》又拍了一遍，大鹏可能也有一股气儿需要抒发。故事结构都没怎么变，区别主要有两个方面。其一是主题，《缝纫机乐队》还有对房地产公司的反抗，还有摇滚精神；而《热烈》的反派就是面目模糊的，很单薄很工具人，说是资本象征，其实就只是个鲁莽的天才富二代。谁见资本会叫嚣着单挑呢？其二是人物塑造，剧本在黄渤与王一博之间有着摇摆不定的犹豫感，或许是演技考量，更多还是市场需要。大鹏把最复杂的戏份给了黄渤，把最燃的场面给了王一博。最后的舞蹈对决设计，就是借用了香港动作片的套路。包括最后的绝招，其实跟《叶问2》叶师傅用洪拳击败龙卷风的设计如出一辙。若是综艺《这！就是街舞》的资深粉丝，看这部应该不会过瘾。
6,豆友232950385,2星,2023-07-30 14:51:29,湖北,337,想上立意没立意，想上价值没价值
6,LoudCrazyHeart,2星,2023-08-02 19:11:23,重庆,11,前面对人物生活的铺垫，特别是对陈烁家庭的描绘，仍旧停留在表层，家中舅舅叔叔的人物刻画仍旧是刻板的呆滞的，用小沈阳和小岳岳做吉祥物呢？母亲又成为了关键时刻为孩子复出的圣母模样。片中出现的实习记者又成了某种恰当的陪衬，陪衬着按图写稿，配合傻瓜爱情的氛围。后半程褪掉生活，事件场地几乎都在训练基地和舞台，影片才开始真正反映出“街舞”的氛围，而前面是没有很好融合。“相信舞台，相信热血”作为后面的主题，设置了人物的起落，比赛落后倒追的模式，都是正常范围。丁雷作为教练和陈烁作为徒弟，他们有世俗禁锢和热血坚持的对照。黄渤在酒桌上袒露心情那场戏自然是重点，影片选择相信一腔热血满心的热爱可低世间名誉地位利益。但，命题作文可抵残酷现实吗？
6,FeiY,2星,2023-07-25 11:10:07,北京,386,大鹏面对的功课也许他自己是知道的，正如这部影片在开分前不敢放开的“最新”评论区那样。
6,阿落,4星,2023-07-31 19:18:21,北京,4,好燃，好好哭。
6,爱老己,5星,2023-07-28 17:04:35,黑龙江,396,不得不说黄渤和王一博这两选角真的完美贴合，黄渤就是那种亦善良亦油滑的老炮儿，王一博是眼神有光的追梦少年，赤子之心唤醒了老炮儿心中久违的为理想而战的纯粹，这种感觉换其他任何演员来都不太对味，还得是他俩。
6,angelfish,2星,2023-08-10 16:26:05,广东,12,大鹏一如既往精明鸡贼。观众很容易把对于“希望小人物成功”的这种看综艺比赛打怪式的期盼，并且最终成功的喜悦心情，不自觉地替换成对片子的好感；就像之前《保你平安》，观众会因网络暴力的痛恨，转换成对大鹏的支持。他对题材的摘选是有商人式的深思熟虑的。但是在多处的底层逻辑上，我感觉自己跟大鹏的价值观真是有壁，以及依然感觉他有埋藏的厌女。妈妈登台唱歌为什么哭成这个鸟样？是觉得妈妈抛头露脸很受委屈了？
6,bye~,5星,2023-07-30 16:07:43,安徽,10,“强者做选择，弱者被选择”，这是一部可以带给人力量的电影，关于青春的笑与泪，关于挫折与挑战，关于奋斗与梦想。大鹏实在是太会拍商业片了，拍了一部这么“热烈”的电影，尤其是最后半个小时的比赛群像，让电影内外的人们热烈起来，燃哭啦！“生活不触底怎么反弹啊！”，愿我们都能有热烈且不悔的青春！
6,FY7,4星,2024-02-17 20:27:57,湖南,9,大鹏越来越稳了，标准励志题材，后面燃爆了，人设弄好了感觉王一博演起来也没啥违和感，不过这个角色换刘昊然感觉也能出这种效果，黄渤老戏骨依旧拿捏。等这部电影实在是太久了，先是一直不上流媒体，然后就是上国外流媒体不放国语音轨，再就是国外版+枪版音轨，现在终于等来了正式音轨，真不容易。
6,HarperDie,3星,2023-07-10 18:20:03,北京,62,以大鹏和苏彪的敏感度来说，本片的故事写得还是太规矩，人物塑造得糙了点，但大鹏在拍摄街舞场面时选择大量近景跟焦，尤其在关键节点上剪辑的空间跳转，都是非常有想法的尝试。对于一部类型片来说，影片的热血气息是足够的。大鹏真的是王一博到目前为止在表演这条路上最大的贵人，表情处理放松了太多，陈烁的设定也非常讨喜。
6,柯诺,3星,2023-07-23 20:16:06,北京,44,剧本挺糙，陈烁的核心骨架没立全，展现他孝顺打工还债、内向寡言闷头努力外，弱点居然只是“紧张”，此后人物描绘趋无，转向补写丁雷，比赛一路开挂，视角落在看秀。可贵在从街舞去关照街头人的穷与苦，尾场舞的是翻身对抗富与强。消失的她，八角笼中，长安三万里到此，暑期档爆款和集中戏眼是贫富/阶层。
7,几点奔马,2星,2023-07-31 16:47:09,北京,10,凯文怎么了？我不能因为最后“燃一夏”，就忽略前面如此琐粹苍白敷衍的叙事。我不知道我是不是对它要求太高了，就...写人完全失败。只有黄渤这个角色相对饱满，其他皆是带着面具。尤其是王一博这个角色，还在靠苦情博眼球？一个讨好型人格，一切都逆来顺受。这...哪行啊？
7,啊砸,1星,2023-08-01 08:31:55,浙江,57,王一博别侮辱演技了，大鹏别侮辱舞蹈了，制片方别侮辱电影了，成不。
7,mimosa2020,5星,2023-07-27 21:45:25,广东,889,以广东早茶发誓热烈超好看不好看以后吃不到好吃的早茶
7,沙力兔,4星,2023-08-28 21:19:52,加拿大,1,哇跳得好好看还用了《逝去的日子》笑点不少hhhh后面观众的反应也很逗岳云鹏每次出场都有笑声“嫂子也玩头转啊？”好呆好好笑
7,嘉树清圆,3星,2026-02-20 22:46:10,四川,1,就类型片来说，本片俗套至极。但，难得是少年意气。谁给祖儿做的妆造，太显老了。
7,柯南牌抱枕,4星,2023-11-21 22:07:58,广东,4,故事其实挺套路化的，街舞我个人也欣赏不来，不过整体完成度还是相当高的，里面的一些高难度动作，看起来还是挺不错的，不过不得不吐槽一句，整个惊叹号团队除去两个男主，其他人都跟背景板一样。
7,火火,5星,2023-07-22 20:42:01,北京,983,大鹏跟《煎饼侠》那会儿真是不可同日而语，对不起🙏我曾经对你大声了点，大鹏，你真的好棒！已经扶摇直上九万里了！黄渤、齐溪、刘敏涛、张子贤都是我喜欢的演员，演得都很棒！！一博演得不错，陈烁明显不是看起来生人勿近的一博，也不是熟人面前开怀大笑的一博，他比一博寡言、天真、心事少、接地气，他俩重叠的是对街舞的倔强、踏实和精神不内耗！但是这些不熟悉他的人不会分别。
7,阿孝咕,2星,2023-07-29 00:49:15,广东,13,在经济低迷，人心涣散的时局下，熬了那么一大锅鸡汤，看起来非常振奋人心(可能郭嘉有任务交给大鹏，实际上处处投机取巧，抛开王一博给我一种疏离感的演技不说，没啥街舞功底半路出家的野路子凭着主角光环一路吊打全国街舞冠军?也太不尊重努力训练的专业选手了。和央视《靠力气赚钱》的短视频一样恶心。
7,哦呦呦,2星,2023-07-28 17:39:43,北京,107,故事极度离谱，两星给最后惊叹号的喜剧效果：黄渤号称年轻时就为最后跳出个惊叹号把腿摔折了残废半生，真是搞笑程度拉满了
7,BOBO.,3星,2023-07-26 21:46:56,江西,32,你以为是讲陈烁的故事？其实从始至终都是围绕丁教练的叙事！所以整个剧组都应该高低给黄渤磕一个。太工整了，可以说是基本毫无记忆点的工整，但在技术与艺术观赏性上都比前作上了一个台阶。遗憾的是，大鹏的很多小聪明最后都会落于俗套，毫无必要的角色设置，符号化的情绪过客，从本质上说依然是为了强烈目的而服务的作品，为杭州亚运会的到来，为了体育精神，或许也可以是为了王一博背后的资本。
7,蓝抑郁剂Lily,5星,2023-07-28 23:31:41,江苏,14,很开心能有一部关于街舞的电影上大银幕！《热烈》在我心中不仅仅是陈述街舞，也是对每一个追梦赤子心的抚慰，对每一个喜欢跳舞的人都是一份礼物！小时候没有钱，家里不支持我发展艺术，长大了开始自己学习，算是弥补遗憾了。愿我们每个人都能不断追梦！
7,麦旋风miki,4星,2023-07-28 22:09:27,陕西,3,让王一博表演自己热爱的事情是最大的成功，比之前两部电影的发挥都要好，人物算是立起来了。我不太认为这是“电影”，更像综艺的合集，跟之前看《这街》感觉差不多。很燃很青春，但没有讲好一个故事，算不上电影吧。看完就是让人快乐，别的不需要思考，也没有太多值得思考的。ps凯文还挺帅，选角不错
7,谷龙龙快学习,3星,2023-07-23 01:37:56,北京,16,一种真空的倒置
7,盘子,2星,2023-08-03 02:45:43,北京,17,没有一个桥段是新的，套到任何一个项目都成立，浓厚的古早气息。因为反派是脆弱的富二代带外国人，只能在我方人员身上加buff，早逝的爹辛苦的妈连轴打工还有精神不正常的舅舅……（演员表现真的还不错）。最大彩蛋是一开头就出现了“浙江”，哇这年头还有真实地名在影视剧中出现呢？再看下去原来是亚运会配套产品。
7,私享史,4星,2024-11-14 09:01:02,浙江,10,我应该是第一次看王一博演戏，竟然意外地好，演出了一个大城市小年轻的衰和韧，从不自信到自信。想来剧本就是为王一博量身打造，加上黄渤手把手的调教。金鸡奖给王一博而不是黄渤提名也好理解，黄渤的角色其实比较扁平，没有弧光，对他来讲是驾轻就熟；而王一博的角色更立体有起伏，演好需要下工夫。最佳表演奖不是选最有演技的那个，而是在规定情境里把角色演得最到位的那个。
7,啊柒,4星,2023-07-22 17:04:47,广东,458,至少直到这里我可以说，大鹏是一个国内知道优秀的商业电影应该怎么拍，并且踏踏实实给你拍出来的导演。而本片则为比前作《保你平安》更为扎实的一顿输出，你可以有套路，也可以有小人物奋斗的buff，甚至也有体育电影一贯的煽情手法，但神奇的是他也可以通过队伍里面其他人物的口吻把更多不必要的情感点到为止，没有进一步的灌鸡汤，没有大肆的宣扬“街舞的训练有多么不容易”，只是把基本的情绪给到观众的同时还能做到不让观众反感，从而通过后面连贯性极强的街舞总决赛，再把情绪推到最高点，告诉大家街舞是用实力说明一切，用一场帅气的比赛了结对方，尽情的诠释“这就是街舞！”，燃炸观众的同时也成功证明了自己，比赛就应该这样拍。请邓超和俞白眉进来学习！
7,怪奇妇女,1星,2023-07-29 23:07:11,广东,39,就是在洗钱吧！
7,放开那个浪味仙,3星,2023-08-05 23:09:26,北京,2,就很套路的电影，一切都在意料之中。有青春有热血，可是并没有被燃到。全国大赛的时候我甚至在想，如果他们输掉了，反而更能凸显这份热爱。可是国内的电影还是太习惯于HappyEnding了吧，也挺无聊的。于我而言，更喜欢《保你平安》
7,牛奶味棒棒饼儿,1星,2023-08-04 08:18:28,江苏,168,路演比电影精彩
7,浔阳客梦,3星,2023-07-22 16:58:23,福建,49,我个人认为大鹏是新一代命题作文做的最好的导演了。其实整体故事还是相对完整，除了中间最大矛盾点旧徒弟吃醋太突兀以外其他还好，我觉得最聪明的点是将陈烁设定为一个傻子……该说不说大鹏调教这种跨界演员其实还是有点手法的但可能也不太多。博子哥在劲舞结束后的那个反应可以算得上他演员生涯最高光的时刻，但没什么卵用，全片其他时候依然相当之拉胯，黄渤宋祖儿都有跟他的一场对手戏（在烧烤和旧剧院）黄渤还能凭借自己的经验演下去，宋祖儿整个就不知道怎么演了……他在母亲替他工作唱歌和被丁雷赶走的两场哭戏都是灾难中的灾难级别。我不是说博子哥不努力，但可能影视行业真的不适合他。三星真的是主角太没有说服力了。所有的热血都是街舞给的，而不是演员。
8,狮子座猫猫,5星,2023-07-29 12:04:23,云南,266,对于我这种真的没有任何理想追求的人来说，热烈真的是让我感慨万千，从小没有任何才能长大了也碌碌无为，看到别人有坚定的目标很羡慕很羡慕。我以后的生活可能都会是很平凡的没有水花的，希望那些有梦想的人能坚定初心实现梦想！你相信它，它也会相信你！
8,sirthisway,1星,2023-07-25 22:15:09,上海,323,亚运会献礼片，甲方痕迹明显。有点摸清大鹏的路数了，最古典、最公式化的类型片技法里缝合进当下锅内的流行文化，以及永远浮空的小人物逆袭（什么富二代格局那么低，眼里只有制霸全国，我说的是三井寿吧）。我真的对大鹏爱放的流行元素感到恶心，以及小黄人文化挪用（小黄人词语）我们老黑的看得我好尴尬捏。
8,木偶,3星,2024-02-17 22:33:56,重庆,1,歌舞体育竞技特定题材片，商业流水线的娴熟之作
8,龙标姑息者,4星,2023-12-10 10:04:44,河北,2,编剧落后，导演俗套，剪辑失控。一星给发自肺腑不求结果的天命热爱，一星给健康的体能和体育精神，一星给刘敏涛老师。加一星给彩虹元素，来日方长。
8,Hi Friday,4星,2023-07-26 22:04:46,广东,168,整体还挺不错的，王一博也是很适合这个角色，多给一星鼓励。继想去体验体验拳击之后，又想去体验体验街舞了🤪
8,菜根,3星,2024-02-19 20:13:24,陕西,1,努力就会成功的常规表达，套着街舞的外壳，但是街舞这种形势在电影中作为主要元素还真的极为少见。
8,希楞柱的风声,4星,2023-07-24 09:38:46,广东,24,很燃很炸裂…主角的人物塑造也比较丰满，缺点是过于煽情了，觉得可以精剪些，如果把无关紧要的人物和剧情去掉会更好…大鹏一再让人眼前一亮…
8,水水,3星,2023-08-16 12:11:13,肯尼亚,0,竟然是在KFC看的。。。
8,凹凸,3星,2023-07-23 16:52:34,上海,0,3.5大鹏身上有着一种讨巧和真诚的一体两面，一部部作品下来还真是日渐成熟。以及，恭喜黄渤接到了近年来最丰满完整，值得再一次被奖项垂青的角色。（看完金鸡提名之后笑出声……
8,祖贤姐姐,4星,2023-07-25 22:47:49,山东,307,很好pong友们！！！想看疯狂石头时期的咱渤吗！？速去看此片！！为咱渤立加一星儿！！！王一博！我之前说你坏话是我嘴贱！你可以的！
8,付突突,5星,2023-07-23 16:24:01,江苏,451,暑期最佳，是真燃！真好哭！大鹏真牛逼！！
8,折翼的蝴蝶,2星,2023-07-22 18:18:53,广东,268,[点映]剧作把“资本”写得一点都不精彩，显得很浮躁。怎么一定要公子哥的介入才能继续这个团队的运作，就不能是其他角度作为切入点吗？所以这让我感到hip-hop的精神内核流于表面。舞蹈部分还挺上头。
8,Teletubbies,5星,2023-08-01 15:28:39,河北,1,挺得劲的！挺热烈的！大鹏哥最难能可贵的一点就是接地气，真真正正爱着这些我们抬起头环顾四周就能看到的人们，也包括我们自己。把最热烈的掌声献给每一个勇敢生活的人。
8,老罗Lazzaro,3星,2024-02-29 21:32:25,广东,1,青春热血，街舞爱好者福片，算是给王一博量身打造的题材。赛场部分视听不错，尤其能调动情绪。
8,仲夏之门,2星,2023-07-30 22:57:35,广东,6,质感近似于男主家饭馆里那堆蜡像，很难指望在这种商业类型片中看到什么真正的群像塑造，和对现实残酷面的责问，因其刚有苗头探出，便湮没在了稀碎的过场蒙太奇中，以至于像克服“舞台恐惧”这种原本重头的情绪点，处理得相当乏力。能让人硬着头皮夸的，也就是匹配“街舞”这个核心元素的各种镜头和剪辑调控，但明显没把好钢用在刀刃上。执着追梦的穷小子领着若干失意者，身着耀眼红袍，战胜了一帮由富二代和海外精英集结的战队，媚主旋律意味过浓了。结尾的俯视镜头让人幻视《奇迹·笨小孩》，方觉文牧野的可贵所在。
8,甦醒 Nostalgia,3星,2024-02-20 15:37:15,安徽,0,老套但胜在题材的新鲜感上，主线和细枝末节的讲述上都极其模板化，好在舞蹈够燃。王一博的表演也不违和，确实只要展现那种木楞劲就够了。在商业和娱乐性上勉强合格。
8,Fiona和平,5星,2023-08-03 16:16:23,北京,8,王一博和casper都非常yammy
8,妖精的妄想,3星,2024-08-16 07:19:01,山东,1,王一博听话的让人心疼
8,丸子猫,5星,2023-08-05 22:45:40,上海,1,王一博很干净，黄渤演技牛皮
8,Panda的影音,3星,2023-12-27 21:49:36,福建,1,越来越怀疑：他的那些好评是否有受到「他认识大鹏」的影响？
9,枯藤和老虎,3星,2024-02-17 21:25:17,北京,0,还行，就是街舞比赛看不太懂就影响了燃，好在惊叹号那个造型撑住了。女朋友、舅舅、包括小沈阳的线都很多余，也可能因为他们是明星显得特别突出吧。不过这种明星大集合倒是挺适合贺岁档的。剧本的节奏还是没把握好。
9,voiwereni,5星,2025-04-18 19:02:28,北京,7,感动😭，满分～有种看灌篮高手这种热血漫画的感觉。看了一下王霏霏的vlog，更加能感受到电影里每一段舞蹈背后的汗水和热爱。王一博很出彩，也非常帅。有意思的是，王一博作为偶像演员在拍摄过程中应该更接近电影里的Kevin总，可能是偶尔排练，需要替身走位的那种。这跟他扮演的草根逆袭的主角是完全的反面，但是电影里看起来毫无违和感。他可能是个很有天赋的演员。
9,马克西米利安,未知,2024-06-30 13:25:22,湖北,0,虽然全靠一群喜剧人和精彩比赛撑场面，但整体是好看的。王一博挑这种角色就不会挨骂，选剧本还得适合自己的形象和定位啊。
9,超威懒猫,3星,2023-12-02 18:02:54,广东,12,发现没有大鹏根本不懂街舞，他是靠着商业片三板斧顶上去的，作为竞技运动片比赛规则是什么、团队内部分工是什么、战术是什么一概不知，决胜动作没法量化技术性只能一再强调危险性，只能说刚摸着门槛了，想入门再多努力努力
9,西楼尘,3星,2023-06-29 22:01:13,江苏,6,还没到用纸尿裤兜住自尊的年纪，却到了吹一瓶啤酒都会喷的年纪。劝别人在舞台上不要有杂念，自己却在向舞蹈要名要利。这一辈子都用脑子在死磕全国大赛，却忘了用身体跟地板死磕。抬脚的时候鞋跟黏上地板，肘抛的时候关节刚刚愈合，头转的时候头盔早已刮花，原来不是我们拯救了世界，是热爱拯救了我们。
9,北河沿井斯塔,5星,2023-08-06 21:32:09,北京,3,燃，《这就是街舞》爱好者很感动(虽然现实世界肯定是凯文代表的大资本获胜），看完想重温节目第四季，叶师傅的小节拍一响我就想跟着跺脚，小可爱Rochka一露獠牙我就想塞给他一杯奶茶，乔治又又又受伤了。黄渤这形象太深入人心了，王一博面对热爱的题材也终于不僵硬，像演了自己的成长故事。感谢片方把爱情尬戏都剪了否则会很拖沓剧情哈哈哈
9,LoVe,3星,2023-07-22 18:28:05,北京,98,勉强算是热情吧，资方说请给谁定制一部作品，指哪儿打哪儿，后面一半的时间就像是在看街舞综艺加个人秀。台词演技都很一般，个别演员演的还不如店里的蜡像好。
9,牛奶很忙,2星,2024-03-05 10:48:07,山东,3,2.20前半部是杭州宣传片，后半部是亚运宣传片，街舞battle其实看不懂规则，但是拍得的确足够燃，而这种燃又是建立在机械降神之上，只能说大鹏真的从始至终没相信过励志
9,张苑希,3星,2024-01-23 01:18:35,湖北,3,俗套草根逆袭励志模板。亮点在于将新颖街舞融入类型片叙事，首尾两场狂嗨燃炸，致力将视觉感官刺激冲到极致，观众在接连高多巴胺刺激下很容易忽视剧本层面的不足，且斗舞镜头太碎技巧展示不酣畅。除却对双男主明暗两条线的重点着墨，舞队其余群像全部面目模糊，女性更纯粹沦为拥趸主角的工具人，感情线敷衍中透着尴尬，亲情戏煽得做作无比。王一博的街舞秀显然不如对手的动作有力量感，看得出这部有下功夫苦练，可惜资质平庸上限不高，表演依旧虚得很。
9,Indecent time,4星,2024-02-18 22:09:19,福建,0,大鹏现在真的厉害了，不仅把王一博这盘菜炒出了肉味，还把一个标准三段式励志电影拍的让人热血沸腾，并非常纯属地拍出了好几个动人时刻，从兄弟的3000元和刘敏涛唱歌开始眼圈就已泛红。热烈加上保你平安、年会不能停，说2023是大鹏年问题不大。
9,马掰掰,3星,2023-07-26 22:06:41,上海,19,这不是说主演可能是瓢虫吗，怕是真的就得下映了，赶紧带女儿来看一下。街舞的部分挺好，不过有各种酷炫运镜，以及一些动作是特效，但还是跳得挺卖力的！剧情部分——就是纯扯淡。
9,Clyde,3星,2023-08-13 16:33:54,广东,5,看到电影喊出“2022全国街舞大赛总决赛”的时候，我愣住了，仿佛到了另一个平行宇宙，或者，忘记了一个平行宇宙。当然，在所有的平行宇宙里，都需要热血与励志。当然，大鹏也只能这样拍，中规中矩。
9,万万,3星,2023-07-30 00:19:35,北京,2,大鹏没有出镜让片子清爽了好多，一个亚运会街舞项目推广电影拍成这样，respect！
9,月亮出來了,3星,2023-07-22 17:52:27,浙江,17,棒！家人们，一起嗨哇！
9,豆友211416426,2星,2023-07-28 17:07:51,广西,123,无数次恍惚以为在看八角笼中+这就是街舞不点开看还以为是2018年的电影…🚬
9,韶光尚浅。,4星,2023-07-12 22:09:05,河北,70,开头尬中间拖结尾燃，导演功力待提升。
9,团小纸,3星,2023-07-29 18:22:02,北京,3,一半时间里觉得不值得在电影院看，一半时间又觉得必须在电影院看，高速摄影拍街舞还是挺帅的，以及王一博在跳街舞时还是有魅力的
9,小越越,4星,2023-08-12 18:00:27,陕西,6,一部只要追过几季《这就是街舞》的人都会给出热爱分的影片，一博演技和舞技融为一体，不得不说是个很贴切的角色了，最后逆风翻盘夺冠时竟然把人看感动了，挺好，挺好
9,断肠人在刷牙,3星,2024-03-01 13:41:03,云南,5,很古典的五幕剧，套路很多但是确实有效，通过快速的情节推进和凌厉的剪辑掩盖了很多问题，黄渤一如既往的演啥像啥，一些细节挺搞笑，弥补了文戏过于省略带来的不足。流量的演技也不是垫底的那一个，做到了没有出戏，最尴尬的片段出现在和小女友对戏的时候，对面那个才是毫无任何演技可言。
9,大宝魚,4星,2023-07-22 17:32:59,浙江,373,2023年真的是属于大鹏、黄渤和王一博的一年，这部电影大概率是暑期档的一匹黑马。没有过多的煽情和卖惨，没有太多的反转和算计，只是把一群人跳街舞这件事给拍出来就足够热血。很难评价王一博的演技，但是身体没办法骗人，他的卖力出演足够真诚，这完全是为他而生的角色。黄渤则贡献了近些年最最高光的表演，几场对话戏真的太有感染力了，将一个教练内心的纠结和执着演绎的淋漓尽致。真的没想到大鹏拍商业类型片已经到了如此纯熟的地步，扎实的叙事和一点不拖泥带水的节奏配上零星的喜剧段落做点缀，最重要的是把街舞比赛拍的如此热烈，让我这个不懂街舞的人也有回去看比赛的冲动，在国产片商业片维度真的太难得了。董成鹏真的成了，如此高的电影质量完全可以预祝暑期档冠军了。
10,流光溢彩`,3星,2024-06-14 16:29:21,河南,0,比起街舞，我更向往杭州。本质上还是部爆米花，一个拥有无限体力、有最高天赋，还流下最多汗水的运动员，最终获得了成功，好看，但不具备普适性，下沉不到我们身边。大鹏还是会拍，结尾比赛的运镜是真雕琢了。安排了一个谁都可以演的功能性的女主角色，毕竟这么懂事顾家用力生活的男孩子，应该有个懂他、呵护他的女孩（当然，只是在电影里）。
10,早西,3星,2023-07-31 16:33:11,重庆,80,基础条件及格整部电影都太模板化了，剧情逻辑刻板，人物形象刻板，看前20分钟就知道结局，不是很明白为啥定街舞为叙事背景，这个故事走向可以套任何一种运动看得人很难受，看得人想问：大鹏现在和男主关系这么好吗？专门拍一部费力不讨好的电影来给他“喝彩”
10,王神爱,3星,2025-09-01 00:54:25,江苏,1,少林足球之少林街舞，再融了点喜剧之王
10,宫唯明,4星,2023-08-01 22:12:18,江苏,21,普普通通的模板商业电影，但个人觉得比《保你平安》要好一点，因为它的情绪更流畅，甚至在高潮阶段疯狂分泌你的肾上腺素，以至于可以忽略剧情和人物的缺陷。这倒是和我当年看《红海行动》的感觉类似，如今五年过去了，这种情绪一直引领且不泄的感觉却很难再感受到
10,Joe,3星,2023-07-29 20:55:36,山西,100,个人感觉「吉祥如意」和「保你平安」是导演在拍电影的道路上前进了两步，「热烈」给人的感觉又倒退了一步，退回「缝纫机乐队」时期了。对于大鹏来说拍这样的电影太简单太过程式化了，期待他有更多的突破吧。
10,龙王良马,3星,2024-03-10 01:28:42,浙江,1,感觉跟街舞有关又没那么有关，感觉跟王一博有关又没那么有关，所以中规中矩吧
10,mdr skywalker,5星,2023-07-22 18:43:25,江苏,375,点映，笑点泪点燃点兼具，最后那场街舞大赛的感染力让我一个对街舞文化全无半点了解的门外汉都跟着燃了起来，随着音乐的响起，整个人都随着不同回合的舞步进入了这个世界。与《保你平安》不同的是，大鹏只选择了一个很套路的励志片剧本，它有这个通式下的诸多问题，扁平的人物，没有信服力的情节，但是行云流水的推进充分拿捏了观众的情绪，并且将街舞的属性在大银幕放大，黄渤充分发挥了他作为喜剧演员的属性，非常自然和生活，同时把夹在其中的不甘，热血消解在他的幽默当中，形成一个双向的互补，王一博演技上仍有欠缺，但刘敏涛在台上唱张三的歌那段他自然流下的眼泪非常触动我，街舞动作听说亲自上阵，完成度不错，岳云鹏和小沈阳等配角也贡献了很多的笑点，甄嬛传的梗玩的很6，总的来说，这是一部非常年轻的电影，值得去热血一把。（9/10）
10,慕容兔兔,4星,2024-10-25 18:15:50,河北,9,赛车、拳击、街舞、民乐……能把这些小众爱好搬上大荧幕，让观众能看到多样的文化，了解不同的生态，也是源于热烈的热爱。
10,五楼阳台的猫,3星,2024-02-19 13:24:46,江苏,1,一部成熟的商业片，但不是一部成功的街舞电影…毕竟真正的街舞不一定热烈，但却很现实！
10,null,4星,2023-07-24 23:03:14,广东,29,三颗星合格，因为自己喜欢街舞，加一星给情怀（对不喜欢街舞的人无参考意义）。有人说王一博本色出演，我不同意。全片最本色出演的是六小龄童老师，这么大年纪，仍然保持当年的水准，举手投足，一动不动。另一个仿佛冻龄的是张柏芝，她大笑和大哭，我仿佛回到了1999年看《喜剧之王》的那个夏夜，外面下着雨，我也喃喃地说「我养你啊」。借拍本片而圆梦的私货王，应该是OG黄渤，看他真是跳爽了，不知道他私下给导演送了多少钱才进的组。最让人遗憾的是孙红雷，他饰演片中王一博的霹雳舞父亲，想来是出门买瓜遭遇不熟事故，可全片完全没有一处闪回、没有给他哪怕一个镜头，连片尾演员表里也没他名字，剧组实在过分。可能黄渤还偷偷给剪辑师钱了，把孙红雷的镜头全剪掉了。不过说回正题：妈妈唱歌、决赛惊叹号，这两段非常出彩。最后，甄嬛传真好看！
10,着迹,2星,2023-07-26 14:53:08,广东,151,终于看到王一博大银幕上无表情以外的表演了，但就像人总有长开的时候，大概他还没碰上能演开的角色吧。不过已经可以确定的是，他显然不属于祖师爷赏饭的那一类表演者。作为竞技类体育比赛项目，电影所呈现的观赏性严重不足（我知道这是极易招喷的一句评论，“你行你上啊”），大多数表演还不如油管上刷到的街舞达人秀精彩，影片中的一些动作都快赶上亚洲舞王尼古拉斯·赵四的水平了。果然，舞蹈题材依旧是国产电影的软肋。好在我是奔着黄渤来的，并不是说他跳出了多高的水平，而是预告片、宣传海报中那种自信迎面向前的精气神很有范儿，再加上生活化纯熟的演技，这就是黄渤。2022国内什么地方可以举办这种规模的赛事？只要不换地方就又是架空，三星减一星。
10,风满楼,3星,2024-08-06 23:46:25,河南,1,还是大城市好，地铁不用挤，甚至都没人坐。
10,莫选好片,3星,2024-02-18 21:23:14,江苏,3,不好看，故事线就是公式套用无功无过；配角着墨太少了，一个强调团队配合的主线，居然一个团员都没印象；街舞戏没热烈起来，音乐声太小不卡点，镜头跟不上动作只能瞎晃；各方面都差了点，但也算不上难看，杀时间就那么回事吧。
10,Chuck,5星,2023-06-18 02:20:16,上海,1755,大鹏刚拿到影帝就捧着奖杯来到映后，大鹏老师真的是一步一个脚印，从小荧幕到大银幕，这次上影节我看的国产片应该是第一次影片中途观众就自发鼓掌，黄渤老师的能力不必多说，王一博也很适合这个角色，许多配角也是《这就是街舞》里的大神，小沈阳、蒋龙、张子贤、张祐维贡献了密集的笑点，看之前还在想怎么通过大银幕能让观众感受到街舞的燃呢，最后动漫般热血的大招做到了！
10,華斯比,4星,2023-07-29 22:53:44,上海,2,还是蛮热血的。
10,不线上,1星,2023-08-04 07:57:32,山东,402,看到说好燃就去看了，真的很难看，故事情节老套，街舞镜头晃得难受，最让人难受的还是某流量演技太尬，长得和普通人没啥两样，表演像在做导演功课，那个笑让你都跟着尬，还有那个地铁是专门为他俩开的？最后替黄渤不值！
10,胡迪大咗叫胡哥,5星,2025-08-04 01:01:41,广东,3,在上影节看首映时就跟着烁烁一起哭了，烁看到妈妈在舞台上再次唱歌的样子，既为妈妈能复出喜极而泣，也为妈妈做回自己而开心，跟王一博共情了
10,Nolita,5星,2023-07-22 17:02:18,浙江,24,「点映首场」要怎么说明才能给那些说电影治好精神内耗/玉玉变开心的本以为是噱头实际上却这么奇效的观影体验打包票啊笑（至少肯定能治愈净化最近的烂片刺客综合症）anyway热烈！特别让人幸福的电影！我很少相信什么但我特别信那个吻那些眼神和那些眼泪全世界最能具象化「热爱」的男人><！！！！
10,偷偷看月亮,1星,2023-07-29 13:50:05,陕西,812,老掉牙的剧情……
10,hy,4星,2024-03-08 09:36:07,北京,4,简单的故事（执着坚持+团队合作-最终取得胜利），成熟的视听语言，情绪循序渐进，到最终的battle令人热血沸腾。算是国内体育类型片非常优秀的作品，在这种票房体量本身就很有限的类型中也取得了不错的票房成绩。映中算是被流量双刃剑拖累，路人盘没有吸引进来。但是王一博也没有那么差，和《无名》中的表现比起来，《热烈》的人设更贴合他自身一种“倔”的气质，有些愣、痴被转化为了一种单纯天真的执着。看见妈妈唱歌随后落泪的那里有被哭戏感动到，一些段落精简的处理也帮助演技藏拙。不是朽木不可雕的演技，在他的舒适区就表现的不错，当然演技还需要引导，慢慢开窍。
11,深夜声噎,4星,2023-07-22 18:54:26,广东,235,整不错哦，大鹏自己不出演就，好很多，黄渤真牛和杭州真美加一星，封神埋汰了，如果学漫威应该像钢铁侠那样先整个姜子牙独立电影出来。
11,糯米团,4星,2023-07-28 17:24:22,上海,48,不得不说大鹏是深谙让人流泪的王一博不是演戏这就是他本身吧人呆呆的好像没什么华彩但是跳舞贼用力贼持久最后疯狂为Kevin总打call卡斯柏太帅了～内娱需要您
11,李秋天,4星,2024-08-11 23:58:40,浙江,1,这部电影的主角是街舞。他跳舞的时候，我可以忽略他是王一博这件事。我发现我已经学会了不带脑子看电影，只要情绪顶上去，逻辑bug可以忽略。燃就够了，让我跟着嗨起来。音乐一响，镜头一晃，只感受到街舞的魅力。全国大赛突然没音乐？最后绝招是一个“！”？只要电影里的角色相信这些事，我也跟着一起相信。
11,深藏blue,4星,2023-07-22 16:40:53,山东,424,这就是街舞电影版，剧情很燃，王一博很帅。虽然看不懂街舞，但有种想再去刷一遍这就是街舞的冲动
11,清泉石上流,4星,2023-07-22 17:20:01,江西,9,这是我今年目前为止看过情感表达最饱满、情绪展现最充沛的电影了。如果说《吉祥如意》的出现是上天对于大鹏的垂怜，那么《热烈》则是大鹏汗水拼搏出来的成果，把之前作品中最好的部分都提取出来，以新瓶装旧酒的方式完成了这一佳作。
11,沉冰,3星,2023-07-22 17:51:19,北京,109,陈祉希跟个中国好莱坞似的，老是那一套，可百试百灵。我不想让它百试百灵了。
11,三月对我笑,4星,2026-02-01 20:31:02,江苏,0,看得还真挺“热烈”的，虽然我作为一个彪彪，只能情绪热烈一下，该怎么平淡生活还是怎么平淡生活，对我而言努力与成功并无关系。为了街舞动作加一星。不过还是想吐槽，怎么看还是SuperKevin强点，赢得略微牵强。
11,753,2星,2025-08-26 18:46:21,广东,5,粉丝电影？
11,士多啤梨,5星,2023-07-22 18:22:35,重庆,700,with小谢第81部。意犹未尽，五月天主题曲出来的时候再次热泪盈眶，大鹏用真诚打动了观众，好久没有一部电影让观众反应如此热烈了。
11,xxx,4星,2023-07-30 21:27:43,北京,0,前期各种人物和场景的设计都太刻意，有一种虚伪的接地气质感（大鹏电影的通病）；但到中后段当他不再讲这件事，只去讲舞蹈、讲团队之后，精气神就提起来了。黄渤演得好，也很久没见到他的好演技了～舞蹈和热血本身才是最燃的！
11,梦里诗书,2星,2023-07-28 15:55:03,湖北,78,小人物的梦想是《热烈》预想表达的内核，但遗憾的是这个逐梦故事几乎没有关于细节的打磨，街舞在电影里的体现是一个放之四海而皆准的模版套路，当励志变成了流水线上的产品，看似喧闹下的空洞，使关于梦想的热血变成了苍白的口号。
11,生人回避,3星,2024-07-17 23:03:39,内蒙古,0,其实说是这街大电影不丢人，真的
11,闲人,3星,2023-07-27 21:39:40,河北,23,完成度还不错的类型片，编剧技巧纯熟，尤其考虑到这几乎算某种程度上的定制电影。编剧聪明地让黄渤承担了大部分戏剧上的冲突任务，避免了表演上的灾难。但是作为一部街舞电影街舞场面拍得还不如综艺是最大的败笔，同时剧作也没能展现出街舞运动的特殊性以及街舞人真正的喜怒哀乐。
11,redrock24,3星,2024-02-21 14:20:00,辽宁,3,大鹏参与编剧的这个剧本过于套路，且家庭线和爱情线与主角贴合度并不够紧密，全国第一的舞团平时要靠在商场扮垃圾桶营生也与现实出入过大，整个剧本就像是先写好了结局，其他内容都是为了达到结局目标而硬往上凑的。另一方面，作为导演的大鹏展现出了自己合格商业片导演的能力，几场街舞比赛拍得挺热血，氛围感和运动感都把握得较好，体育题材难拍，拍成这样证明了实力。演员的话黄渤一般，对小人物的演法雷同。王一博在这部和《长空之王》《无名》中一直饰演沉默寡言的性格类型，但自我感觉bboy应该都会更加外向一些？虽然替身完成了大部分动作，但有舞蹈基础的他在一些镜头中还是展现了符合人物能力的技术，文戏还是弱，这部里总体还不错。
11,差不多查理,3星,2023-10-09 00:41:06,天津,2,像自己的热爱要名要利有错么？自己不热爱的东西怎么为之付出呢，不为之付出怎么能拥有过人的专业能力呢，没有专业能力怎么把它变成工作立足于社会呢？付出了这么多才换来的工作怎么能不要求回报呢？所谓单纯的热爱，太难了，哎。
11,梁威是条狗,3星,2024-01-07 15:45:14,广东,0,金牌教练三度抛弃街舞天才，最终携手走上全国大赛夺冠之路。王一博真的把角色演的很木讷，除了街舞技能，演技方面真的没啥精彩表现。男主角莫名其妙的苦情身世，这种为了惨而惨的编排感觉很刻意，如果欠债了为什么不正经找个工作，而是一直打散工，而且男主角妈妈还要无条件支持儿子跳舞，完全看不懂行为逻辑和动机是什么。黄渤的角色演得有点油腻。结局最后那个所谓压箱底的大招，有点搞笑成分。
11,超人叔叔,3星,2023-07-27 20:23:58,浙江,16,杭州本土出品搭上了亚运主旋律穿插熟悉的地标建筑至少都是真能跳也真会跳的
11,LZQIMAX,3星,2024-08-18 23:42:30,广东,1,3.5星，无功无过，街舞对决很燃，博子哥居然没有很出戏。
11,雪,1星,2024-02-18 23:55:06,上海,10,断腿的丁雷是问号❓
11,大屯路的劳伦斯,2星,2023-08-08 21:14:16,浙江,32,大鹏为自己开了一个类型片：励志片
12,微暗的火,3星,2023-08-24 01:55:36,海南,0,用商业片外壳包装一个亚文化内容，看似现实励志，实则是一部完全脱节现实的童话主旋律。很好笑，很燃，但是很悬浮。全片只有黄渤和齐溪两个人演技在线，其他人都是功能性角色。其实有时候想想做大鹏的朋友挺好的，他会想尽办法让你在电影里露个脸。
12,就知,1星,2023-07-30 15:49:26,山东,19,推广方面很舍得花钱！赞！谁翻车了，没翻车啊，翻车的是B站up们哈哈哈哈哈……哦不是，有些up早翻了
12,wang,1星,2024-01-21 16:46:06,上海,74,剧情真的是超烂。王一博这面瘫脸真的是看够了。话说黄渤拍这种烂片真的不怕自己口碑下滑么
12,峰峰峰峰,2星,2024-09-12 17:18:23,浙江,0,年轻真好
12,邹易,3星,2023-07-26 23:38:10,河北,11,陈烁妈妈唱歌那段戳泪点了；黄渤演技太好了。相对于街舞这种对抗性很强的艺术，故事就显得很平淡了。
12,zhang 2nd,4星,2023-11-28 08:51:16,山西,1,这部电影证明大鹏是一位出色的工匠。街舞题材不容易，大段大段的街舞表演画面让人大饱眼福。这是最适合王一博的角色了吧，看他终于有自然的表情流露了，可惜他还是有些紧张，再看黄渤就太放松了，表演如丝般顺滑。整个故事还是热血努力奋斗实现梦想，以及伯乐与千里马之间的纠结问题。即使对街舞完全不感兴趣，这部电影也依然值得一看，有被燃到。
12,我呼吸的空气,3星,2023-08-03 21:39:16,浙江,0,合格的亚运献礼片。公主号乐活杭州2023.7.27搜集了本片在杭州的13个取景地。battle场面剪辑过于花哨了点。如能剪掉15-20分钟会更好。
12,一顆小天狼星,3星,2024-03-09 13:59:50,中国澳门,4,跟热辣滚烫一样这种我真的太饱了吃不下一边看一边吐槽王一博也算别样乐趣多一星给黄渤的狼尾和跳舞吧苦了你了
12,LF,3星,2023-08-15 01:01:12,广东,4,这个电影里最不热烈就是王一博，他跳完舞甚至连滴汗都没有，实在是太珍惜他的乖乖仔人设了，完全没有放开。还有就是，不久前还在街边卖艺的小透明是如何在几周内训练成能单挑打赢全国冠军的街舞冠军的，这里面靠的是什么
12,g1823,5星,2023-07-23 21:01:35,上海,338,希望出个导演剪辑版，加长版，把彪彪和舅舅的戏份都放出来。我毫无疑问更喜欢王一博的bking风格，王一博成名前比现在拽多了，糊的查无此人，拽的二五八万，而且跳舞的时候王一博很张狂。但是陈烁就像是我，出身贫寒，自卑而不善言谈，总是小心翼翼，畏手畏脚
12,周一早晨,3星,2023-08-09 01:19:55,河南,6,对于跳oldschool街舞的人来说，激励事件怎么会是触摸舞台就会有信念感呀，因为很多人看不懂freestyle，它也不符合团队精神的大部分内涵，所以该片更多还是强调了齐舞，但真实生活中breaking舞者大概不是这样吧。另外从编剧角度来说，我感觉刘敏涛这个角色更多是靠本人表演完成的，不在于编剧编得多出彩。
12,鱼剑,2星,2023-08-12 00:36:59,四川,0,非常陈旧的体育片模式，且不说关键人物的极度扁平，更重要的是对舞蹈的呈现非常单一，观众只能被迫接受以动作的“奇观性”为标准的比赛模式，很难感受到这一运动本身的魅力。
12,Tom,4星,2023-07-24 23:18:15,湖南,104,大鹏真的是一步一个脚印地在进步，尝试不同题材的同时也找到了越来越鲜明的个人风格。整部片子都透着一股子倔强和赤诚，完全把街舞这项运动的魅力给表现出来了。这种体育赛事类的电影，最难的就是如何在观众已经知道结局的前提下保持戏剧张力，而本片在这一点上做得非常成功。
12,particleswreck,2星,2023-07-30 19:19:55,湖北,0,Another男澡堂子故事
12,宋旻浩,1星,2023-07-28 17:47:01,黑龙江,22,太难看了一星给黄渤最后20多分钟所谓的最燃时刻也就那样镜头切换的眼花（看完才知道原来用了替身em….
12,阿尼塔,4星,2023-07-22 18:26:24,上海,59,就电影本身而言打三星，另外一颗给一博和妈妈，小舅。
12,淘金汉,3星,2023-07-28 13:02:43,江苏,29,看了八角后，感觉这部就是工业糖精堆起来的。不难看，技术也过硬，就是算太准了，缺了点味儿。
12,W.,4星,2025-09-04 21:55:05,浙江,0,以街舞竞技为外壳，内核却是对“热爱”的朴素致敬。影片通过陈烁（王一博饰）与教练丁雷（黄渤饰）的师徒线，将追梦的艰辛与团队羁绊拍得热血又不失温情。训练蒙太奇中地铁车厢、深夜店铺的练舞场景，以生活化的空间强化“梦想无时不在”的信念。
12,公民奎文,4星,2023-07-29 19:45:26,上海,1,我去！
12,團°♧,5星,2023-07-14 02:10:38,北京,442,王一博的表演比在无名里好一百多倍，有时候演员真的是看导演调教。
13,阿苏,3星,2023-07-25 07:59:02,浙江,110,故事没有重点，街舞部分切得太乱。
13,焦糖爆爆,4星,2024-02-25 09:50:40,北京,3,最后决战比预期的更热烈。前面80%的剧情都过于乏味，丁教练一句话打动了我：这让我想起当初我们开始跳舞不仅仅是因为想跳，而是内心的热爱。决战场面虽然拍得很浮华，但从全情投入的认真劲儿拍出了dancer们对街舞的热爱，现场氛围确实很《热烈》。王勃，王一博，博一博，单车变摩托。peace&love!
13,外苏,3星,2023-07-27 23:51:47,浙江,19,比预期的好。太多熟悉的取景地了，大金球万象城长桥奥体中心，甚至是中山路的拐角小房子，这些景观在不经意间默默加分了。陈丁吃烧烤的地儿，是每天骑车都会经过的去桥洞子上面，傍晚飘出来的烧烤味，就是对这个城市的某一部分记忆。拍小人物如何逆袭似乎就是大鹏的强项，可能由于档期挨得太近，似乎有点跟八角笼中撞了，于是联想到黄渤、王宝强、徐峥（药神）他们都有一场酒桌散伙戏，看上去是不一样，其实都一样，中年男人似乎很爱搞这一套。
13,刘小青,5星,2023-07-28 19:34:01,北京,2,为梦想打五星
13,momo,1星,2023-07-26 21:35:19,辽宁,298,非常非常无聊的流水账不像电影像学生毕业作品剧情完全就是一条线走到黑20分钟就能拍完街舞核心部分切得稀碎晃得头晕全程大坐牢观影体验最后也没顶上去浪费了好舞者好演员好难看的电影啊
13,小熊QQ,3星,2023-07-31 20:34:28,山东,0,像看了一场超长综艺，流畅热闹，但很难有共情，我想大概是因为，单个的人物消磨在单薄的剧情和剧烈的运动中
13,以後春天會復活,4星,2023-07-30 08:28:11,四川,2,这部片子是导演和演员的舒适圈不复杂的人设也不需要多少表演这么简单的本子也能感受到黄渤的感染力跳舞真的太有魅力了。
13,住到图书馆了吗,5星,2025-08-23 13:47:39,黑龙江,3,这下终于对一博有点上头了演得好谦虚冷静帅努力天赋积极看了好多好多遍
13,岕川,3星,2023-07-24 15:28:17,河南,21,和朋友一起，比较传统类型的热血竞技题材，符合对大鹏的预期，有些脸谱但节奏还可以。可能是目前为止王一博诠释的最恰到好处的角色。
13,清新,2星,2023-09-27 23:29:32,山东,6,冲着黄渤才看的，面瘫就算了
13,影君子,4星,2024-07-12 01:15:03,北京,0,这次的大鹏确实很稳有点摔跤吧的节奏...真好
13,🤔 Spencer玄子,4星,2023-07-29 01:37:34,湖南,1,23.7.29和鹏哥在四方坪喝了点酒，然后深夜看电影，本来看《封神》，莫名其妙看了这部电影。首先，街舞对我来说太陌生了，但是我对王一博印象有很大改观，有点东西啊！然后，岳云鹏和记者这两个人物可以直接删掉，不影响剧情！
13,kakakarl,3星,2023-07-22 18:16:39,湖南,74,3.5，最后的全国大赛，燃得让观感提升了很多，但整体还是那种俗套的运动励志片，放在几年前会是《这！就是街舞》的电影版。因为很多地方都是男主在动，不涉及他的五官和脸的细节，且街舞也是他擅长的，看得顺眼很多。不过他的眼睛真的是，打了光都无神，最后的“惊叹号”，看他眼睛我一下就出戏了……
13,帕帕多普洛斯,3星,2023-07-29 00:41:25,上海,1,主旋律交作业里算是优质了，虽然土土的但是能跟下来，博子哥下次整摩托吧，也别再长什么王了。让作为正派人物的黄渤开诚布公地充当资本霸凌代言人其实让片子更真实也更有冲击力了，但是到和解那就没什么劲了…另外大鹏越来越会用讨巧小元素了，甄嬛，老四，杜莎夫人腊味馆，极大丰富了作为一个商品的娱乐性，当然还有对赵英俊的纪念另外最后那个铺垫了全片的绝杀动作其实让我想到了知名雕塑立马滚蛋……
13,unidolphie,3星,2023-08-08 19:05:24,吉林,1,看完大鹏电影的感觉就是没话说，写不出短评，也吐槽不出来。那么大家应该已经看出来了，上述评论就是为了让这个标记有短评。
13,井口之蛙,3星,2024-02-22 12:16:19,北京,1,陈烁离开之后，队友的反应是完全缺失的，我觉得对于人物塑造这是一个很重要的情感线索，现在的片子不管什么题材类型，不搞煽情是不是过不了审啊
13,子弹飞越大吉岭,2星,2023-07-29 17:43:50,海南,4,建议所有拍体育片的导演都多看几遍摔跤吧爸爸，好好琢磨琢磨怎么才能利用竞技体育的魅力调动观众的情绪，而不是靠动作混剪
13,如意萬重,4星,2024-08-25 22:41:32,黑龙江,0,从导演到剧本都很规整，影片完成度高节奏恰当音乐也好，很恰当地弥补表演上的不足。缺点是用教练的人生追求替代了团体队员之间的情感张力，由此队员和翻拍凯文等等都变成了符号，影片结束就会忘掉他/她们。黄渤吃烧烤道歉拿钱跟陈烁拆伙那段的表演和发挥很好看，算得上是本片真正表演的精华了。
13,sTill-Life,4星,2023-08-01 23:06:15,上海,4,选角兼顾了话题和人物贴合度，在商业中寻求表达似乎一直是大鹏努力的方向，从底层小人物着手，接着地气。剧本过于工整少了些惊喜，好在高潮戏力道给足，恍惚间又想起《雄狮少年》。能在这里看到王霏霏好开心😃。
13,出神,2星,2023-07-30 11:21:01,新疆,4,唯一亮点就是哪吒乐队的环形公路
14,Santé,4星,2023-07-23 01:20:36,广东,188,看了点映，算是大陆比较好的运动竞技电影，我觉得与其说热血不如说感人。一个王一博这身街舞苦功夫真的实打实很对得起街舞精神，二来一众平凡路人配角献出了“热烈”的向往跟支持，很平实很中式很打动人。黄渤整场节奏都带很好，其他配角的包袱也抛得很是时候。王一博演技进步很大哭得非常好！
14,曼靑,4星,2025-10-14 23:07:12,浙江,1,只要你一直努力，就会成功！这就是街舞，这就是热烈的青春！！！我并不是一个街舞爱好者、也从来没有看过《这！就是街舞》、甚至在电影开场就猜到了最后这样竞技类题材电影的结局走向，但看到最后全国大赛battledance时却还是不由自主地全身起了鸡皮疙瘩的澎湃！从来没有接受过舞蹈专业培训的腼腆少年陈烁意外成为了浙江第一街舞队主力凯文的替身代练，随着团队融入，逐渐取代了性格张扬的凯文站上了全国大赛的舞台。大鹏自编自导，选角也非常地道，舞蹈出身的黄渤和舞技精湛的王一博流量和实力双赢。从大鹏早期执导的《煎饼侠》《缝纫机乐队》，再到近几年口碑不俗的《受益人》《保你平安》《长安的荔枝》，都是诚意之作。他是草根出身，所以很擅长讲小人物奋斗和逆袭的故事，而且不苦情和不煽情，非常有戏剧张力和共鸣。
14,一棵树,5星,2025-08-17 16:02:42,河南,4,竟然比预期的好看！！又哭又笑！好多“这街”熟面孔！哈哈哈！
14,NortonHill,5星,2024-12-14 02:05:39,四川,6,靠！真好看啊！燃哭了！一个一眼望到结尾的励志故事，一个商业片，竟然还能被大鹏拍得这么精彩。是全方位的精彩好看。王一博演技进步明显！对比而言，这比《热辣滚烫》热辣滚烫太多了。
14,SleepWalker,4星,2023-07-23 16:36:54,北京,17,比《保你平安》强不少，依旧是大鹏擅长的低视角处理，但这一部强在视听方面，踩着节奏点的剪辑让观感非常激爽，街舞主题再适合暑期档不过，此外本片捕捉到生活中几个真实又感人的瞬间：兄弟有难默默支援的义气、儿子意外撞见母亲维持生活的不易、认清现实后痛删微信，对底层个体的关怀落到实处，虽没走出舒适圈但大鹏仍坚持对日常细节的抓取很不错。黄渤划水几年表演还是稳当，王一博用替身了没？惊叹号压轴点睛之笔非常提气!7.5。
14,怦怦慌慌,1星,2024-01-04 05:46:21,湖南,17,两个小时太长了，要是八九十分钟就好了，影片前几十分钟很不好看，好在后面还不错。
14,今日店休,4星,2023-08-24 19:18:54,广东,0,我觉得挺不错的。爱好，热爱就已足够。其他顺其自然，不要忘了初心，用心去爱。而不是脑。
14,三岛,4星,2023-08-02 22:23:15,北京,0,大鹏现在是深谙商业片的标准化流程了，大段铺底音乐，各种快节奏强抒情，剧情起伏都格外标准地进行着，街舞片段的剪辑和调度也从舞台方面取经而来，同时也运用到电影特有的表现梦境的能力，可以说，在一种程式化中达到了极致。至于街舞本身，似乎是一种很男人的舞蹈，不管是从其本身舞姿、battle的形式，还是舞者自身的气质等，甚至镜头语言都将女性剔除，但或许囿于观影受众多在粉丝，便也恰好契合住了。另外，就是这个“反派”太零了，富二代、从小缺乏关爱、渴望获得认可、又吃脖子哥的醋争宠，整个的设定就很….（为蔡琴姐姐的《张三的歌》加一星，能在影院听到很意外！）
14,䟇鑄㩭,2星,2023-08-26 19:02:09,天津,0,看到大鹏，就知道是烂片
14,阿朽,3星,2025-04-03 22:19:15,江苏,0,缺点很多，但燃的感觉大鹏抓到位的，看得出他不爱街舞，我也不爱，感觉是一帮街头耍杂技的，王一博是这里面最业余的一个（演技也是没有的哈）。还好大量戏份都是黄渤的，能理解他的心情。bgm部分全熟悉，大鹏专长部分。
14,李濛Lemon,4星,2023-07-22 18:02:35,四川,1,对大鹏越来越有好感了，他真的很认真地在做电影导演。剧本工整，节奏不错，情感赤诚且热烈，视听效果相当燃，扑面而来的青春气息与这个炽热的夏季完美呼应，可以说“文戏”和“武戏”都做得相当优秀。街舞的设计很出彩，通俗易懂，完美传递了竞技体育的精神内核——坚定执着，永不言弃，梦想不熄，青春无憾。P.S.捉到了一秒钟《灌篮高手》的镜头，本灌篮粉狂喜。
14,下落不明-IP略,4星,2023-07-26 09:48:18,上海,61,难得能看到这么华丽炫目的色彩，色调之间的互相作用实为难得。角色定位以及叙事都并不复杂，但大鹏导演在抛弃平庸奔向饱满的路上越走越好了。黄渤很精彩。3.6
14,心中有片瓦尔登,4星,2023-07-31 16:34:12,江西,97,从《煎饼侠》到《缝纫机乐队》，从《吉祥如意》到《保你平安》，再到这部《热烈》，不得不说大鹏是有东西在身上的。
14,超cute侠,3星,2024-02-24 15:23:40,山东,0,黄渤负责演，王一博负责跳，其他人没啥人物弧光，也就搞搞笑。大鹏还是拍缝纫机乐队那种打鸡血的拍法，单线故事简单粗暴，不会有任何出离想象的发展。最后街舞变身杂技，emo看了都会遗憾奥运没让他们上，不然让博子哥凌空摆个造型比烟花大脚印不是更厉害。
14,荔枝超人,3星,2024-02-18 20:09:47,广东,1,可以改名叫少林街舞。还有黑GHOST在龇牙咧嘴。
14,公元前221年,2星,2023-07-31 09:24:08,四川,2,老套的故事配老套的拍摄，硬坳的感动画面就让人觉得及其刻意，没有那种水到渠成让你打从内心受到感染的能量。
14,胆大车间,2星,2024-05-27 03:43:21,北京,3,2.5硬件堆起来的励志时尚单品；大鹏的命题作文，题目：王一博；没想到音乐会用到哪吒的《环形公路》，不知道是大鹏、彭飞还是剪辑的想法，很适配；剧作太套路了，对比《飞驰人生2》，套路之外缺乏人文表达的部分（规则与公平），没有精彩的人物关系（魏翔和沈腾）；有一点启发，电影里能把微信沟通这事拍清楚是个很容易让电影接地气的方式。现在励志片都在讲筹钱，这里筹钱的时候有意识做出一点社会性的问题，但是浅尝辄止司空见惯，从主人公身上挖掘才有力度，王一博四处兼职同时练街舞、家庭悲惨，但不会引人同情，因为没有给主人公带来任何阻碍，他生活在童话世界里，同事、女友、家人、街舞成员都爱他，穷也就无法成为苦恼，不触底怎么反弹，高潮戏也就没有力量。斗舞戏视听看似很炫，不过是个综艺套路拍法，没意思。
14,AlanX,4星,2023-07-28 22:44:29,重庆,5,可以看出大鹏拍这类商业片是越来越得心应手了。电影的剧情与节奏控制得不错，从塑造人物到剧情烘托再到最后的街舞决战，一路有坎坷但最终还是成功燃起来。有钱人有有钱人的活法，老实人有老实人的福气。在街舞里，团队精神与个人舞技同样重要。
14,理易封,4星,2023-07-23 17:40:22,辽宁,66,套路是真套路，没法翻新体育片的模板，但这片子还是让我很感动，甚至预料到有泪点，还是不能避免，做的好的是“接地气”，大鹏很会这个，虽然带着点理想化，但没有给我一种悬空感，其实这个故事是很容易拍飞的，主角顺理成章干死反派这种，但加了几个小桥段一下稳住了，没想到大鹏现在对剧本的掌控已经这么稳了，我本身对街舞没啥兴趣，但能感觉到脖子哥表演中的热爱和自信，吐槽一句，街舞比赛都这么随意吗？像综艺节目
14,曳影,4星,2023-07-29 23:01:24,广西,1,电影散场旁边一兄弟问：“不知道后面有没有彩蛋啊？”我答：“你上去跳一段给大家展现一下才艺就是彩蛋了。”
15,不吃细糠的山猪,5星,2023-07-22 16:51:24,北京,760,最后一场与外国舞者的组团对决像极了这个暑期档，进口片普遍看着强但不能打，国产片各种惊喜
15,饮歌,3星,2023-08-16 17:26:31,新加坡,0,算是大鹏的平稳发挥吧，非常典型的按套路出牌，放在一个万用的励志电影模版里，怎么也不会出错。只是跟《保你平安》比起来，这部多少显得单薄了很多。也不知道是不是演的自己的老本行，这是我看过王一博所有角色里，最有灵魂的一个。
15,virgin,3星,2024-08-01 10:59:11,北京,1,年轻真好啊!:)。。
15,孤狼,3星,2024-01-17 21:34:08,泰国,0,有预期会看到什么，最后也确实看到了这些
15,朱熠,3星,2023-08-26 18:33:55,上海,0,在没有这就是街舞看的夏天，勉强有个热烈作为平替，但一个有叶音乔治大海蛇男的团竟然要靠一博才能拿全国冠军，是不是有点说不过去
15,sweetbear,2星,2023-08-06 21:15:17,北京,7,拍得特别空洞和不接地气，明明街舞是很接地气的项目。
15,雕刻时光,4星,2023-12-18 19:50:21,吉林,2,大鹏是懂如何拍流行文化的，但编剧确实没怎么动脑子。
15,津五渡,4星,2023-07-25 22:29:39,辽宁,120,青春就是要热烈，所有追梦的人生都值得被书写。很燃。同类型不输《狂舞派》，目前我心中大鹏另一部四星电影，王一博也有代表作了。
15,量子纠缠,1星,2023-08-10 00:02:54,上海,14,大鹏别拍了
15,Jason_波波,4星,2023-09-01 20:22:20,德国,2,永远年轻，永远热泪盈眶
15,m89,3星,2023-08-01 15:28:56,福建,1,最好的是片名。应该是杭州亚运会的命题作文。经典好莱坞体育电影的叙事模式，一点也不好笑的东北小品笑话，脸谱化的人物设定，要论真情实感，还不如大鹏之前的《缝纫机乐队》。这都能吹成年度最佳，豆瓣大V真的是越来越不要脸了。没有赵英俊老师，国产商业片的主题曲水准断崖式下跌。
15,O型血,3星,2024-04-04 19:31:22,山东,0,霹雳舞（Breaking）是一种源自街舞文化的舞蹈形式，其起源于美国的黑人和拉丁裔社区。它以自由创作、动感和独特的舞蹈技巧为特点，通常在街头、舞台和比赛中展示，如今已正式踏入竞技体育的殿堂，成为了杭州第19届亚运会的正式竞技性比赛项目。卡斯柏CasperChu身材真好。真富二代，开法拉利，目中无人。豪车精洗，天天见超跑，没有一辆是我的。杂念没了，就什么都有了。强者做选择，弱者被选择。
15,CyberKnight电子骑士,3星,2024-03-14 09:55:46,北京,1,两星半，故事单薄平直，表演全靠黄渤撑，最后的街舞大赛也就还行。
15,湖水,2星,2023-08-12 15:01:06,福建,10,凯文确实比王一博帅，决赛他们穿那一身中国红也太丑了，不知道的以为是个登山队呢。//这么大一个舞团，只有一个女舞者，还是位宝妈。女记者和母亲都是你闪光路上助理的小标点，光伟正的梦想还是继承血液里霹雳舞父亲的天赋衣钵。男爹味太冲了，雄性才热烈是吧。//为什么买下一个舞团就可以突破每位参赛者必须是全省比赛前三的规则？讲不清楚直接摆烂跳过不讲了是吧，全国比赛请堆外国人来叠buff确实是离谱，为了堆砌对手有多强、达成的胜利有多么奇迹，多少有点不择手段了。//猜得出走向、结局甚至下一句台词/垃圾桶小哥居然很好笑。/黄渤还是招人喜欢。
15,迷蟲朋克,4星,2023-07-28 15:44:34,广东,0,即便是对街舞毫无兴趣，甚至带着些许刻板印象，还是被感动得一塌糊涂。人在最喜爱的事物面前会卸下所有膨胀的、伪装的面具变回真正的自己。陈烁这个角色被王一博诠释的很到位，也是我目前看过最松弛、最自我状态下的王一博。而大鹏的镜头可以说是“捕捉生活里的绚烂”，他擅长把一些看似浮躁的世俗议题拍出它最本真的样子。黄渤老师我很早就想看他跳舞！超级厉害，这俩人儿没想到真凑一块儿了！缺陷就是中间有些戏剧冲突比较模式化，但斗舞的过程太燃了！最后.......果然跳街舞比想象中的要疼要辛苦N多！（鞠躬）。
15,мая,3星,2025-04-27 23:51:02,福建,0,6，大鹏现在活确实是不错，他把街舞的亚文化和青年人属性与当下年轻人的青春成长相呼应，讲的就还是被哪吒反复把玩的“不认命”主题，这套话术确实是有效拿捏了当下市场观众的审美阈值，辅以街舞综艺中各大街舞达人加持的专业动作场面，作为一个院线片绝对是及格以上的水平。电影比较鸡贼的点在于电影几个转折都来源于黄渤这个角色丁雷的良心发现，这个就不太具有说服力了，电影的人物弧基本都在丁雷身上，但最后上大招的又是陈烁，主次不太统一。
15,沈一泓,3星,2023-12-16 22:48:27,黑龙江,0,幸亏上映得早。不久宋就塌房了。小岳岳那个角色有啥用处吗？
15,Yixin ZHANG,4星,2023-09-23 19:40:46,四川,0,很棒。黄渤怎么演谁都是那样。
15,千树,3星,2023-07-23 23:12:37,上海,34,非常流于表面的励志电影，说是印度人拍的我都信。作为街舞人不该唱衰这部电影，但是影迷的命也是命。虽然不至于说烂，但是也没有必要花两个小时去电影院里看，花这个钱去线下看一场街舞赛事不香吗？有一说一黄渤演技确实牛，但是这种表演场景对他来说就是洒洒水啦。
15,安短,4星,2023-12-06 18:11:12,北京,0,简单，纯粹，热烈，一直努力就会成功。
16,宅拾叁,4星,2023-07-30 15:53:10,陕西,0,大鹏连着两部都还可以啊，都是很商业的通俗电影。这个角色简直就是为王一博这种不会演戏的面瘫写的吧。今年七月的国产片真是神仙打架，文化自信！
16,张大雕,1星,2023-08-04 01:28:42,上海,1,相比之下八角笼中就是奥斯卡
16,山微漾,4星,2023-07-31 22:30:22,北京,1,作为一部亚运会命题作文，拍成这般酣畅淋漓还挺令人意外的。这部电影是黄渤近几年电影最出彩的一部，他处理台词的方式是真香。此外，看流量明星被生活按地摩擦，其实还挺爽的。
16,Moxx,1星,2023-09-03 16:34:26,新疆,14,真得好难看，画面色调像网络大电影，那一段替身登上舞台倒是设计了很多，但还是很难接受这部电影的无聊程度，就像是可以缩短为8分钟以内的短片硬是拖成一部电影的程度。
16,冉笛,3星,2023-07-22 19:21:02,四川,21,集体主义+只要努力就一定会成功，再加小人物逆袭。我现在已经不喝这样的鸡汤了。听到“不忘初心”，不由虎躯一震，点一下赞，太懂了。PS：经由这次集体观影，发现自己笑点挺高的，大家都在笑的时候，似乎只有我陷入尴尬，可能是我的问题。anyway，最后三分之一部分比较好哭，爱哭爱笑的都可以去看看，还是一部挺好看的电影。
16,Hushnore,4星,2023-07-28 21:54:25,陕西,0,我更希望看到拍广场舞大赛的中国电影
16,2毛,4星,2023-08-01 17:42:20,山东,1,惊了，虽然每次都无法避雷某流量，但这部的三幕结构做得真不错。虽然更像看了好几场街舞演出……
16,大海里的针,4星,2023-08-06 14:44:45,北京,3,合格的商业片，该有的都有。大鹏的导演水平越来越稳定了，王一博也不再只是耍酷了。
16,子皿与舟,4星,2023-08-24 14:00:49,北京,0,《热烈》的观众反馈，恰如其分的向创作者们喊出了一句：我们不相信天道酬勤了，也不相信梦想了，那种好莱坞美梦式的小人物凭借自己一腔热血埋头苦练最后夺得头筹的故事，我们已经不买帐了。《热烈》之余观众情感层面的缺憾在于，任何通过故事、表演、音乐、剪辑、音效给你制造的爽感和情绪，都能在电影院那120分钟内消化干净，走出影院像是做了一场不存在于现实中的梦，在这个不怕不好就怕没人念叨的暑期档显得尤为吃亏。使用顶流的双刃剑效应也充分的展现在了这部电影中，宣传的利刃，破圈的壁垒，小部分人的狂欢，大多数人的无视。总会为《热烈》感到有一丝可惜，希望它能值得一个更好的票房。
16,17950,3星,2024-06-23 10:17:54,广东,0,比想象中好看点，大鹏拍中年/熬驾轻就熟了啊……
16,蓝霉沉皮,4星,2023-08-06 15:16:29,山西,0,剧本没毛病，虽然没有惊喜但地基稳妥。情感饱满，人物鲜明。梦想和逆袭，卑微和努力，总能让人热泪盈眶。导演对街舞理解不深兴趣不大，镜头闪瞎却毫无章法，俗称没有拍到点上。Breaking不拍落地反而用了特效，太侮辱。拍运动亚类型电影，主创太想扩大市场、降低专业化浓度、降低观影门槛，但完全忽略了街舞的科普和对街舞本身艺术审美的体现，全片看下来除了燥、除了battle了一下的的火药味，就啥也记不住了。对于从没了解过街舞的观众来说，看完并没有更懂，甚至只是迎合了对街舞的刻板印象，从这个角度看属于浪费题材。喜欢街舞的观众，建议绕路去优酷。一喜成员、街舞明星，基本没啥发挥，只达到露脸程度，蒋龙再次陷入熟脸龙套困境，而诸如让叶音摔毛巾、王海玩黄鸭、蛇男打酱油、张祐维洗车，咱就是说一个脱裤看这？王一博够真诚。
16,与身,5星,2023-07-25 00:51:22,江苏,331,人类虽然只能在地面上舞蹈，但每一个动作的突破都在向往天空。
16,一條魚佔滿了河,4星,2023-07-22 19:13:40,北京,66,★★★☆熱烈，是濃郁，是燦爛，是光芒萬丈，而在熱烈背後，是多少心酸、拉扯、付出？相較於同樣是表達熱愛的《縫紉機樂隊》，大鵬更加鬆弛了，對於節奏的把控也更加純熟，雖然街舞部分的鏡頭表現力還可以更好，不過萬幸情緒上給得非常足，一點一點積攢，最終燃到沸騰！有點楞又有點軸的陳爍，可以說是為王一博量身定做的角色，和自己太接近，所以顯得很赤誠，如果《熱烈》最先上映，或許，他的大銀幕之路可以走得順一些。
16,草原上的咩咩羊,4星,2026-02-17 17:16:24,内蒙古,1,很热烈
16,白茅,4星,2023-07-30 14:36:06,吉林,0,3.5。①一部街舞電影沒有一段精彩的街舞，本身就是不合格的。②主角身邊環繞著各種純真善良溫暖的人，似乎所有的悲慘都被角色嘴角的笑意消融，這是《熱烈》可愛的地方（大多數電影這麼處理都是偷懶）。好在大鵬足夠真誠，足夠讓我相信電影里的善意是電影想要傳遞出的溫度而非說教。
16,兔子包肉,1星,2023-08-09 19:26:06,浙江,91,额绝望的文盲出品必是烂片，是规律别不承认
16,不脱袜子同学,4星,2023-08-05 00:53:54,北京,0,宣传片能拍成这样还是相当厉害了。好的地方是在套路的故事和场面之外还见到了挺多真挚的表达，比如倒闭的剧本杀馆老板和面馆老板这样的老友，KTV里的MV放的是赵英俊的歌，还有关于土狗接地气的台词，这些东西确实很能打动人。
16,颜落寒,3星,2023-11-28 20:11:18,江苏,2,怎么说，中规中矩吧，剧本还是挺套路的……anyway，老是把刘敏涛幻视成宫泽理惠是我眼神不好🤣
16,司徒雷登不要走,1星,2024-06-01 00:04:11,北京,31,看得我一阵“惊叹尬”，竞技电影最差的拍摄，大鹏真的觉得这次自己能拿出手这作品吗？ps陈烁和凯文分别诠释了性缩力和性张力
16,Eaves,3星,2025-07-09 20:55:27,四川,0,当前我们听说那些夺目的字眼与慷慨的语汇，“团魂”“梦想”云耳，目睹有人视起舞或歌唱为赤诚而横贯的执念，会觉得像遥远的梦呓。但身体是诚实的，它使我们不忍抛掷反而频频回顾并怜惜这悠扬而惊狂的美梦，通过后段近乎狂放的、十足专注的肉身的激舞，影片引领我们重陷那种为少年心气的热血漫画精神所包裹的亲切而火热的拥抱与絮语。更重要，它仍然提醒（我不忍目为欺骗）我们，这是大众的舞场，这是庶民的梦。
17,Gore赞,5星,2023-07-28 16:31:33,湖北,94,路人视角看热烈，前半场搞笑温情，后半场热情炸裂，喜欢每个出场的人物，呆萌又有点不修边幅的舅舅，有点油腻的老丁，辛苦付出的妈妈，还有话少坚韧的主人公陈烁，那一位都是闪闪动人，并不是大人物才光彩照人，努力生活的才是最动人心魄的。
17,电影包子铺,4星,2023-07-28 12:46:59,山东,31,大鹏出品，必属精品！
17,十八爷,未知,2023-09-01 00:17:27,天津,1,粉丝很满意对于路人来说就是一个危险信号。街舞本身应该是有趣的，但被拍成了一个非常简单的励志体育片，对于大鹏来说应该算是退步吧。
17,唐小万,2星,2023-07-29 08:39:08,北京,5,看的时候甚至怀念起那些个好莱坞体育片…故事毫无想象力，转折生硬，凯文这样的角色刻板到可笑。关键街舞的部分也不好看，又碎又晃（小海确实像熊猫）
17,BLAKE,4星,2023-08-04 00:03:43,山东,0,中规中矩，好于预期。黄渤居然一点不违和。
17,烈焰红唇龙,3星,2024-02-18 21:02:41,广东,0,一头一尾的斗舞十分惊艳，中间部分却十分俗套，大鹏在类型商业片很成熟了，逝去日子的mix编曲很燃，可惜人物塑造仍然逃不过二极管，简单扁平，以男二为例。
17,Crazy Ivan,3星,2023-07-23 18:38:02,广西,23,百汇点映中规中矩的燃，给亚运会预热的吧。跟黄渤相比，一博真是表情专一啊。
17,Anakin,3星,2025-08-18 10:48:39,北京,0,优缺点都尤其突出，DeepSeek级别的平庸故事，以及歇斯底里的片尾大战——超燃的凌快剪辑在你寒毛快竖起来的时候，却突然看到王一博舞替的穿帮脸，比音乐突然停了还膈应
17,黑色大丽花,4星,2023-07-28 21:11:06,湖南,0,什么？中国也能拍好街舞题材影片了？虽然说散场我问了习舞多年的专家，他们应该用了替身以及加速特效。董成鹏导演今年继《保你平安》以后又奉献了一部佳作。整体故事架构几次起伏还是重复了《缝纫机乐队》的小人物逆袭剧情。黄渤老师，依然是中国大陆，啊不，两岸三地大中华区最好的演员之一。正剧和喜剧都能游刃有余地驾驭。王一博同学，依然是中国最差的演员之一，也就只比《长空之王》的表演好一丁点。不过无所谓了，他在本片只需要负责跳舞也就行了。实际上我一直觉得王一博单说跳舞确实算跳得很好的。本片票房应该会很不错，因为剧情还不错，然后王一博又有那么广大的女性粉丝基础。黄渤老师一代“霹雳舞王”还亲自上场跳了呢。董成鹏面子很大诶，不愧是赵本山的弟子，几个演员的客串表演也发挥得很好。刘敏涛老师表演又让人想到《红色高跟鞋》。
17,慈悲鞋底,3星,2025-08-24 00:24:18,河南,0,舞蹈跳的很好看，黄渤为什么突然就回心转意了，没看明白
17,不疯狂星期三,4星,2023-06-18 01:14:27,上海,451,上影节闭幕式，虽然是很简单的故事但完成度很高，从导演到演员每个人都在自己的舒适区散发魅力。（但是最后一段街舞battle一直各种转圈和高难度动作看得有点头晕）
17,啊么吸溜,3星,2025-09-28 23:57:23,广东,0,仿佛豆包套模板生成的商业片，辣子鸡＋黄金配角＋略小众的题材＋底层人物逆袭故事＋温情和解大底🤫
17,咖啡只喝速溶,4星,2024-02-23 07:46:06,辽宁,1,感觉片名叫《热爱》更贴切一些。三星半。
17,猫阿水,5星,2023-07-28 22:48:27,北京,1,我天，太好看了吧！又燃又好笑，又虐又热闹！在电影院里哭得好像陈烁他小舅哈哈～
17,瓦力,3星,2023-08-10 01:47:25,广东,11,还不错，最后街舞大赛的那些镜头，晃得跟抽风似的，真受不了。
17,茗政,4星,2023-07-28 17:35:50,青海,0,“只要努力就会成功”大鹏打的一出好鸡血啊！王一博也终于终于不刻意面瘫耍帅了，用整场的热烈演绎实力证明了“内娱顶级舞担”的他属于街舞。近年来“竞赛”类电影太过吃香，从《超越》《夺冠》到《中国乒乓》《八角笼中》，最终的高潮戏都在“擂台比拼”阶段，借助迷幻运镜，高速摄影，快速剪辑，以“团队磨合问题输→努力了一下赢→输了→超出以往极限借助团队的力量发挥个人英雄主义终于赢了”的模式，呈现给观众十几分钟视效轰炸催泪弹，最终在夺冠时刻和台上英雄一同落泪。那竞赛类片是否已经可以成为新的类型片种，整体是否可以理解为一种超脱日常生活（行为）展现的另类团队拼搏型视觉奇观，通过团队携手，比拼作战达到观众共情，而一切的前提在于选择一个（具体流程）陌生但又（日常听着）熟悉的项目呢。
17,含章可贞,3星,2025-08-16 23:44:06,河南,0,合格的爆米花电影
17,dnnnjsn,4星,2023-08-12 00:54:07,福建,1,勇敢的人先享受世界
17,阿顺,5星,2023-07-22 17:35:33,北京,344,太好看了，王一博真不错啊，大鹏也是真的越来越对了，总能抓住那个点。“一直努力就会成功”，对于咱们普通人来说，这是救命的稻草。
17,少年高,3星,2024-09-29 10:25:51,湖北,0,忘标了，基本合格的商业运作项目。
18,痞子老九,4星,2023-08-02 21:45:02,重庆,0,四星4个字：我爱大鹏！
18,沉默,4星,2026-02-18 18:59:16,北京,0,作为类型片还可以，多一星给哪吒乐队
18,般若多目,3星,2023-08-05 15:31:29,天津,1,我们卡斯柏要火了吗，挺好看的，给卡斯柏多一星
18,欧阳鸿飞,4星,2023-07-28 22:56:09,天津,0,真心地不错，比前面的很多片子好太多了，属于近期不错的国产电影，尤其是黄渤的演技，王一博的演技也很不错超出了预期，希望国产电影越来越好题材越来越多。
18,LISK,5星,2023-07-23 19:35:23,浙江,355,最后半小时保值5星，“一直努力就会成功”现实中还有多少人还会相信不得而知，可有一部这样纯粹、热烈、唤起沉睡的理想主义的电影在依然是可喜的。
18,一壶好酒配热粥,4星,2024-03-26 21:19:48,福建,1,3.5星，除了套用励志体育题材的俗套模板，其余几乎找不到太多缺点，天赋异禀的生瓜蛋子和曾经仗剑天涯如今抱有遗憾的OG老炮的双向救赎被融入生活里，合理插入笑点以及土嗨点。乔治、叶音、蛇男、小海、卡卡~一堆代表街舞专业的这街熟面孔与有舞蹈功底的演员表演混搭，连场景搭建和DJ都梦回这街舞台。演技小学生王一博回归最擅长的街舞领域，呈现的效果是带着热血青年的木讷，看来大鹏是熟读了流量正确使用说明，唯一货不对版的是hiphop变成了bboy~最后传说中的endingpose居然是字面意思的惊叹号！有种期待大招却落空的感脚，相反的是对片子本没啥期待却比想象的好看。
18,云图,1星,2025-08-16 23:20:35,湖北,0,难以忍受
18,Fleurs.哼哼,2星,2023-11-30 21:23:10,河南,2,呸
18,Ada的B计划,4星,2025-09-10 22:19:33,广东,1,很粗糙，但足以让人对两位核心人物形成绝对印象。大鹏，高产的院线导演，即使首次观看他的作品，也不难相信他可以简单地将其中方法复制至一百部电影。相较《雄狮少年》《我的拳王男友》《冠军》，《热烈》无疑是和运动关联最弱的，只有完成任务式的跳舞桥段，镶嵌着导演精心思考的点缀。影片大部分时候都完全依靠类型化的文戏推进，几乎没有关于运动本身的发展可言，更像是《奇迹·笨小孩》类的纯“成功学”电影。但在此之上，不说废话，一板一眼走类型流程，简单坚决的创作法。也因为缺少运动的发展，电影里没有真正的拜师学艺，没有技艺的直观提升，情节只能来回来在丢弃又再捡起王一博的过程中回荡。因此，电影的语气其实全部押宝在王一博平和纯真的气质上，他每一次简单的情感回应，像初识世界的婴儿般应对冲击，非常宝贵的类型特质。
18,尚卢洛夫斯基,3星,2023-07-22 17:00:06,广西,40,大鹏最近两部都挺稳啊
18,我爹,4星,2025-10-23 04:03:49,上海,4,很好的励志片，没有荒诞的感情，也没有莫名其妙的开挂。有的就是对生活的热烈，对兴趣的热烈。
18,爱在午夜降临前,4星,2024-03-07 07:21:36,湖南,0,生活嘛，不触底怎么反弹，一直努力就会成功！
18,杨小槑,2星,2025-08-18 19:22:37,北京,0,王一博的街舞实力看起来是真不错。至于银幕任务嘛，除身世凄惨外，就是个心智健全，善解人意，金刚不坏，活力无限，身形矫健，相貌堂堂的时间管理大师。
18,🌵🌵,3星,2023-12-01 20:19:11,四川,2,因黄渤而能看吧，唯一一个有呼吸有逻辑的人物，至少从人设到表演宣示了街舞是什么，是热情、活力，是接地气，是把人们聚拢起来的火光，而王一博却同样通过惨白的人设和僵硬的表演造就了这个电影无趣的一面，全程都很愣我都不相信他是跳街舞的，看这跳出来的效果更不相信他们最后能赢。
18,弓谷所長,4星,2024-02-18 21:03:40,广东,0,虽然每段都踩到了剧情，但依然感觉到了热血。为啥后面陈烁和猪猪的感情戏没有后续》？
18,Vanilla_韩凯旋,4星,2023-07-22 23:20:54,吉林,92,节奏太好了，黄渤的表演也太自然了吧！王一博真的还有很大的可塑性。
18,ｈ,3星,2025-06-15 20:41:09,上海,0,把套路的东西拍得挺聪明，困境团魂和落魄天才这些东西总是很有感染力
18,柏舟,3星,2023-07-29 02:03:44,北京,0,《热烈》属于你从任何角度挑毛病都能挑出一大堆的那种片子，但大鹏无心标榜自己的牛逼，他用自己精晓的方式讲了这个故事，并很自信大部分观众都能被他的节奏带着走，从而获得商业上的价值，这就是他做这部片子的意义。冰可乐你能细数出它的诸多坏处，又伤胃又杀精又上火又会胖……告诉我，你大热天渴个半死的情况下，喝上一口爽么？爽！那不就得了！
18,安蓝·怪伯爵𓆝𓆟𓆜,3星,2026-01-01 21:01:47,北京,0,故事很老套。门外汉看最后比赛挺觉得燃的，街舞确实有自己吸引自己受众的独特魅力，但我岁数大了接受无能，主要是没有那个魂～没想到2026第一片是这，看完才发现是大鹏的。第N次“感谢”CHC频道……
18,不知春早晚强生,3星,2024-06-02 21:31:01,湖北,0,召之即来，挥之即去，逗我玩呢，那我走?人心难测！不要这么卑微，不要委曲求全，不要犹犹豫豫，直接拒绝！凯文可以给我一切，这种公子哥的话，也信?贱，咋这么贱呢，凯文不合作了，又来找我?结局皆大欢喜了，一直努力就能成功，还是太简单了！
19,mibo lost,3星,2023-08-05 01:06:42,上海,0,庆春东路黄花鱼是哪家）
19,言者吴异,5星,2023-07-26 00:32:08,北京,228,有一件可以坚持一辈子的热爱的事情，真的是何其幸运…热爱是舞者头转憋肿的脸，一手的创可贴，哐哐砸在地板上的脊背…电影看完特别骄傲，骄傲自己是王一博的粉丝。
19,圣迭戈-北岛,4星,2023-07-28 23:24:39,重庆,2,同是设计出来的情感，肯定没有《保你平安》等作品来得那么饱满、真挚，毕竟是官方钦点命题电影，街舞技术顾问失职也是问题，但大鹏能把这视听和文本体验弄出规规矩矩、舒舒服服的工业感我认为够意思了。我搞不懂这评论区一口一个大骂公式电影的，你放眼这些年的华语电影，什么第X代、新星和押注半辈子身家性命拍电影等等，这里头是有几个把商业电影最基本的公式给背熟了还能用得游刃有余的？在剧本都公然写成段子热卖的时代，少有做到这点的人之一居然是拍段子出身的，不觉得讽刺吗？商业电影就是产品，跟一瓶矿泉水没有区别，用透公式是拿到合格证最起码的要求，至于你要喝农夫还是依云，那是后话，也得看主创的造化。我说啊，要怪就怪跛脚甚至断腿的华语电影充斥眼球，看出PTSD后来个正经的片子一下子失语了。华语观众就这么喜欢残缺“美”吗？
19,Pam,3星,2024-02-20 16:15:56,浙江,2,开头几句话，咋都是献礼片呀
19,暮雪微微,4星,2023-07-31 21:08:01,辽宁,0,很燃！很热血！很激动！很热烈！虽然无外乎是一部“套路”的成长励志片，但依然使人激昂，令人振奋，感动，心潮澎湃！（特别适用于生活疲惫的社畜，有这样一支多巴胺刺激整晚，也是很舒服的。）最后的斗舞汗毛倒竖，片尾的《倔强》更是将这一场推至顶端的热血烟花四散绽开！是街舞界可以留名的影片。舞蹈大神很多，演员熟脸很多，配角们个个有戏，很有戏！这才是王一博最自在肆意的场子啊！
19,char,4星,2025-02-04 17:18:35,上海,2,很好的类型片，一博太贴人物了。只是街舞镜头太碎、太晃。
19,莫尔姐姐,1星,2023-07-28 16:26:17,浙江,616,剧情很老套，并没有感觉有什么燃的，有些地方拍得很尬，还不如看综艺
19,侯建冬,未知,2024-11-17 19:01:41,河北,0,十五分钟
19,初音奥特曼,4星,2023-08-01 00:13:13,安徽,2,7.5分，感觉电影感是比《保你平安》扎实的，但剧情也真的是套路。其实我个人认为《摔跤吧爸爸》那种竞技片也挺套路的，但不影响它在豆瓣上有9分。就大鹏的这部电影而言，观感至少是顺畅的，称得上是佳片。内核方面，我觉得是不如《吉祥如意》和《保你平安》的，但街舞也是一种梦想啊。
19,安托万的黑眼睛,5星,2023-07-29 11:54:10,天津,0,太燃了，街舞，音效，成长，表演，大鹏商业电影完成度太高了PS暑期档，封神的最大辅助来了，双雄互相助推，闻太师终于可以快点回朝了。
19,望潮,4星,2023-07-19 18:40:47,北京,343,刚从首映礼回来，只能说，太好看了，这两个小时我都记不清我落泪了几次。非常规矩的体育励志片模板，但每条线、每个小人物都炸了，套路满满但不老套。开场没十分钟，我就爱上王一博了（这能说吗？）陈烁这个人物太好了，真的太好了！希望这个世界狠狠地对他好！想把全世界端到他面前。
19,醉梦·聊生,4星,2024-02-25 19:00:06,四川,2,题材首先值得鼓励，街舞这种彰显年轻人气质与态度的运动在大银幕上拥有极强的感染力，炫目的动作很容易引爆一颗颗蠢蠢欲动的心，陈烁后来居上，这是梦想与努力结下的果实，干掉有钱的，摈弃团队精神的，观念上虽然很直白，要的就是那股劲儿，敢于去点燃。
19,UglY_MoNey,3星,2023-08-04 15:12:22,上海,0,瑕不掩瑜吧~感觉作为亚运会给街舞预热，拍到这程度，特别是总决赛，能看出所有人的决心和付出。隔壁电竞组多少羡慕我不说！！！
19,momo,1星,2023-07-31 18:50:36,天津,10,基本上是垃圾
19,身是客,3星,2025-11-17 22:32:35,中国香港,2,不喜欢街舞，我真心建议别看了。太多废线，什么小沈阳、宋祖儿。我认出乔治、叶音、小海、廖博、杨凯。凯文那边B-boy是Klash？地板大神，还有Rochka卡卡？希望我没认错。王一博真是牛，腰太好了，倒太空步、手肘转、拉了威亚头旋，请了替身都没派上用场，是他亲身跳，一镜到底。确实炸场。
19,西西弗假面,4星,2026-03-03 23:17:21,山东,0,3星，多加0.5给国足梗。从缝纫机乐队一路过来，大鹏拍这种题材真的独一手，王一博也算扬长避短血c跳舞的片段，不过最后转折的还是有些生硬，尤其是进决赛那段，不算两场solo…前两场怎么看还是老外跳的好）
19,甜甜圈,4星,2024-06-23 21:51:57,山东,8,黄渤的表演依旧没的说，而且难得王一博出演一个我看着顺眼的角色，精彩的街舞还是很燃很精彩的！
19,渡口无边,3星,2023-07-24 21:41:28,上海,7,很不大鹏的一部，大部分时间也并不出彩，奈何最后一场戏拉回来了，3.5。
19,oiuplhgvt,1星,2023-08-01 18:29:25,上海,11,这位导演始终屹立在渴女厌女第一线，并时刻把自己的“男”属性膨胀扩张，普通男百姓、底层男士这样的自我归属感骗骗自己就差不多了，忽悠一群同性来为自己的哭穷共鸣，伪装的技法愈发高超。高分评论都在哪儿领钱的，谁拉我入群
19,Fantôme,4星,2023-07-29 21:35:48,浙江,1,虽然依然没避过一些拧巴，但大鹏真的越来越知道自己要什么也执行的越来越坚定彻底，觉得他已经成为不能缺少的导演了。脖子哥也好，也算是终于遇到对的本子对的角色了，开始认可。
20,NJ安可,3星,2023-07-27 18:25:48,山东,0,爱大鹏，所以上映就去看了。可能因为不是那个圈子的，也不再年轻了，也没怎么看《这就是街舞》的节目，所以get不到。之前在抖音看好多人看完热烈都说好燃啊，特别喜欢什么的，我就想可能不是电影的问题，是我的问题，可能是我老了，我不燃了，我枯萎了。电影虽然没有彩蛋，但是观众自行彩蛋了，很多场都是跳街舞的人上去跳来着。我坐到最后，等来一场空。
20,艾爵,未知,2023-07-22 17:28:55,重庆,28,配角都很精彩，街舞也精彩，很多泪点……但王一博的确没什么表情
20,霾桑 等108个人,4星,2023-08-03 10:35:09,北京,0,很顺畅。
20,祝,3星,2023-07-28 21:59:37,天津,0,走出电影院，发现商场门口正好有一场野生的街舞比赛，一瞬间有点恍惚，硬是忍着高温看完了，比电影燃，很少会有这种电影造梦失败而让我贼想拥抱现实的时刻。电影本身是把一个特别容易无聊的题材拍得特别特别无聊，懒得计较，只有博因为找到了最适合他演的角色类型而顺眼多了。
20,ArS㍿,3星,2023-07-29 22:07:50,上海,0,亮点：王一博本色演出，刘敏涛演技炸裂。嘈点：街舞拒绝煽情，运镜不如这街（运镜看得我太难受太难受！老切画面干嘛啊！？又不是浪姐！！！）
20,南宫非攻,3星,2023-11-28 22:24:39,湖南,2,剧情方面，几乎把所有能想到用到的烂梗是一个不拉的全给用上了，每个泪点都相当刻意及刻板，是真的尴尬没眼看。但我还是给出了这个三星，是因为我看了四季《这就是街舞》，对于参演的舞者多少有一定的偏袒加持，还有就是最后那一场极为专业的总决赛对决还是挺燃的。
20,木木三又二,3星,2023-12-12 22:40:28,吉林,0,因为喜欢街舞，所以对本片期待值很高，看完后有点失望。影片整体不差但也没有很好。如果只把这部电影看成作业任务片，那可以说还不错，故事很完整，也没有炖鸡汤。影片开场想用街舞炸一下观众，但在我看来这场戏却是减分项，很尴尬。包括结尾的battle也一般。镜头乱切根本看不到舞蹈的完整性。这个项目可能准备的比较仓促吧，笑点也就零星几个，杨迪最好笑。本片最大亮点是两位主演，黄渤这次的表现比《学爸》里好太多，近几年表演最好的一次。而王一博这次也松弛很多，可能是遇到自己擅长的题材，更加自信了。影片的舞者配角都是《这街》熟面孔，小海为这戏增肥真不值。祖儿妆造拉低了颜值。本片和《缝纫机乐队》一样，并没有上价值和强行励志。关于街舞题材的电影非常少，有印象的就是《精舞门》，本片也算大鹏为中国电影拓宽类型。6.5分。
20,mangojune,4星,2023-07-29 18:30:47,浙江,0,在杭州看的点映场，王一博的惊叹号和结尾大家都真诚自发的鼓掌了，成长故事真的是永不过时，让所有人个共情。导演对王一博真好啊，敏感、内敛但坚持，还经常为妈妈流泪，不过论表演的亮点还是蒋龙啊，简直被笑死，每个场景都很亮。
20,唐三彩,3星,2023-07-19 15:44:47,北京,0,被最后半小时燃到，不是街舞粉丝也被团魂感染，就算没有腹肌中年人也不能输！
20,HINA,3星,2023-07-28 12:27:26,青海,18,作为一个半吊子bboy来看专业性很大问题battle的拍摄手法也不太ok不知道大鹏有没有去看过红牛等比赛的拍摄方式也有可能为了照顾一般观众选择这样的呈现方式吧最后一个感叹号就赢了？？？挺好笑的无所谓粉丝看的开心就好稍微专业点的人看了应该都会觉得蛮好笑的…
20,卡尔·霍克利,4星,2025-10-05 10:41:20,山东,1,有激情，删减半小时更好
20,学冥,2星,2023-07-28 13:49:06,山东,104,30亿？到底谁有滤镜
20,阵雨,5星,2024-02-18 09:29:06,辽宁,1,在流媒体上和老婆在家一起看的，很遗憾没有到电影院里去感受，看得我俩激动无比热血沸腾。我如果现在二十来岁，看完电影我就去学街舞去！想想我曾经站的舞台和初心，曾今我在的那个欢乐的团体，如今一声叹息…唯一的遗憾是王一博的脸，看完我觉得他即使戴个无脸人的面罩也不影响演技…确实他演的是一个老实巴交的角色，但真要这么面无表情吗？？？
20,一字,2星,2023-08-03 21:50:52,浙江,9,跟街舞无关，跟演员无关，角色扁平化，滥用背景音乐，叙事流水化……大鹏是不会真用心在做电影上的
20,大纠结师,3星,2025-02-23 18:38:25,福建,1,7.0逆风翻盘的剧情是对实力的不尊重。不过有一说一电影还行，就是王一博演得太差了，华语娱乐圈还要被这群偶像嚯嚯多久啊对了，刘敏涛唱歌也好难听。而且原来街舞和杂技也没啥区别嘛
20,Rapunzel,4星,2023-07-29 17:55:16,青海,1,前三分之二真诚，后三分之一凑数。真诚的部分洗稿我伍德老爷的《百万美元宝贝》，凑数的部分延续《屌丝男士》玩尬的。大鹏洗本儿的能力已经超越了千禧年前后的冯裤子。但鸡贼小聪明的上限，取决于对照组可提供的路线。四星基本跟电影无关，打给我自己的。鼓励那个连续几年夏天靠反复看《这街》缓解焦虑症的家伙，这街都扑街了，可老子依然站着呢，这才是真tm热烈。
20,咕申克,4星,2023-07-23 17:01:10,北京,53,假如对街舞有了解，或许观影会更投入。完成度ok。没想到的是王一博居然角色适配度这么高，加半颗星吧。不怎么看国产片的朋友：这部扭转了我对王一博的一些印象哈哈。我：比他在《无名》里强很多。朋友：那部没看过，但这部比我想象得好看点。
20,林昂,3星,2023-08-10 21:34:48,北京,0,沒有人物沒有劇情除了街舞啥也沒有但確實是王一博的主場.（長髮布鵝還挺好看
20,玫瑰砂,3星,2023-07-28 13:11:36,上海,7,3.5初看热闹且工整，是合格的亚运会promote，慢慢就觉得浮皮潦草对于街舞这个运动根本没有介绍到。一个新入列的小众项目，凭什么觉得人人都懂那些规则和术语，为啥这套动作不行那套动作就赢，宗俊涛坐在解说席上是烫嘴吗为什么不多给两句台词？请来了叶音大神怎么舍得就让人家当个背景板？陈可辛拍女排《夺冠》这种家喻户晓的题材都不敢这么随便。流量哥这次武戏在舒适区，确实好很多，但文戏，不说和黄渤比了，和别的演员哪怕年轻的蒋龙张海宇比都有巨大落差，整容真的撑不住大银幕怼脸。倒是没想到宋祖儿这么差，哪怕实习记者也不该天天一幅没见过世面的浮夸惊讶天真脸，你有那激动落泪的时间我们早在绞尽脑汁想瞬采问题了。有这时间不如多看两场刘清漪的比赛录像，那才是真少女真热烈。反派“不夺冠就只能回家继承百万家财”太生草了。
20,Sissi,3星,2023-08-08 13:56:57,浙江,2,还挺燃的，王一博居然没有拉垮诶，但是看完觉得反派小哥哥最帅～街舞的舞蹈展示场面拍得不太好，太爱切镜头了，根本看不清在跳啥，只是烘托了一个氛围。但还是真实的《这街》更燃一些，看到了好多熟悉的舞者，大家演起戏来都挺好啊～电影大结局又让主角强行获胜了，和《八角笼中》的结局一样，我都觉得是不可信的套路……
